-- phpMyAdmin SQL Dump
-- version 5.0.3
-- https://www.phpmyadmin.net/
--
-- Host: localhost
-- Generation Time: 30. Maj 2021. u 13:55
-- Verzija servera: 10.4.14-MariaDB
-- PHP Version: 7.4.11

SET SQL_MODE = "NO_AUTO_VALUE_ON_ZERO";
START TRANSACTION;
SET time_zone = "+00:00";


/*!40101 SET @OLD_CHARACTER_SET_CLIENT=@@CHARACTER_SET_CLIENT */;
/*!40101 SET @OLD_CHARACTER_SET_RESULTS=@@CHARACTER_SET_RESULTS */;
/*!40101 SET @OLD_COLLATION_CONNECTION=@@COLLATION_CONNECTION */;
/*!40101 SET NAMES utf8mb4 */;

--
-- Database: `prodavnicaOIEAngular`
--

-- --------------------------------------------------------

--
-- Struktura tabele `account`
--

CREATE TABLE `account` (
  `account_id` int(10) UNSIGNED NOT NULL,
  `name` varchar(64) COLLATE utf8_unicode_ci NOT NULL,
  `surname` varchar(128) COLLATE utf8_unicode_ci NOT NULL,
  `password_hash` varchar(64) COLLATE utf8_unicode_ci NOT NULL,
  `email_address` varchar(64) COLLATE utf8_unicode_ci NOT NULL,
  `phone_number` varchar(13) COLLATE utf8_unicode_ci DEFAULT NULL,
  `mobile_phone_number` varchar(13) COLLATE utf8_unicode_ci DEFAULT NULL,
  `delivery_address` varchar(64) COLLATE utf8_unicode_ci DEFAULT NULL,
  `delivery_address_pak` varchar(6) COLLATE utf8_unicode_ci DEFAULT NULL
) ENGINE=InnoDB DEFAULT CHARSET=utf8 COLLATE=utf8_unicode_ci;

--
-- Prikaz podataka tabele `account`
--

INSERT INTO `account` (`account_id`, `name`, `surname`, `password_hash`, `email_address`, `phone_number`, `mobile_phone_number`, `delivery_address`, `delivery_address_pak`) VALUES
(1, 'Eriberto', 'Fadel', '4498c36fe08873b9800db007be94ea56bacfc6fafb45bfb1e1ae1713f83f5aa3', 'khomenick@example.org', '1-280-826-193', '(008)054-7026', '05974 Jessy Spur', '361612'),
(2, 'Helena', 'Kohler', 'ca7153f151e8cad39de0997b103e68daa3fea10091530397ee41185ad47bc32f', 'smith.beulah@example.com', '769.771.7101x', '932.251.0873', '4996 Deshawn Lane', '198013'),
(3, 'Ella', 'Kling', 'ba482e074501b8130ecea7831e17f3a1afe56e0cea91190d2b2eb83e5fff1729', 'ufadel@example.com', '(624)106-0974', '02813690726', '7671 Keebler Harbor', '185372'),
(4, 'Giovani', 'Green', '1948aeec9b8bc6b446a29dc865983c83c5e9bbc2de0d9fcb3c3103ebc84c929d', 'marietta.schamberger@example.org', '(982)556-1898', '1-755-187-881', '485 Weimann Mountain', '677805'),
(5, 'Ericka', 'Beer', 'b65d406deae9e486ddc7691131d4ac1ae5227598b1b04632a7268ab89c2754da', 'schimmel.landen@example.net', '194-421-6408', '1-563-026-416', '994 Mante Field Suite 535', '201914'),
(6, 'Stanley', 'Shanahan', '8d50f44124f65c2abab72c8ef1569ab4dc125dda271aaeeeaccb97ebee501ae7', 'trevor.streich@example.com', '+04(8)8377331', '07652474538', '1472 Jakubowski Island Suite 124', '746141'),
(7, 'Ryley', 'Steuber', '098ccf9458846a95d562ad31277474da12f3228706d9fb2d51921749c5e3121f', 'jane93@example.org', '(599)723-5526', '1-500-914-096', '2437 Isac Lane', '477358'),
(8, 'Kevon', 'Vandervort', '076f90916b42ae4688806269320a8529038b0e632f4cddcc7ed8dbea904786c3', 'kaia46@example.net', '(455)870-9600', '(191)216-4533', '90271 Chanel Lakes Apt. 561', '619474'),
(9, 'Ricky', 'Howe', '2c4633c6753ea26e108f453bec581d6ce9a4fee0d89dcb40f48c4cf99caa94fc', 'rosenbaum.merritt@example.org', '(499)873-0790', '+26(9)9503903', '1247 Hermiston Ports', '228760'),
(10, 'Nellie', 'Ondricka', '18c32a0871e569c400ce0efc1afc83b62843edd9950330e81d666e39334522b4', 'smcclure@example.com', '119-255-3619', '(837)535-1986', '432 Mario Plaza Suite 163', '786831'),
(11, 'Clinton', 'Wintheiser', '57757155660c0ba6870becf17c7ba0443063de256216443e1f903977e3c7f85f', 'deron62@example.net', '1-509-943-829', '216-413-4007', '55865 Deven Fields Suite 669', '493846'),
(12, 'Charles', 'Barrows', '6a05eef43b26f4f1283d06285a8cff86e4f4e559b50dddcb73c658f05f089612', 'white.gregorio@example.com', '(685)454-7121', '(362)811-5528', '58451 Strosin Rapid Apt. 791', '388783'),
(13, 'Emil', 'Davis', 'c7fbe95bc0b36fafa2dfb901b4f94185c1fb60a9583944f65dbcf1a107db90c2', 'gunnar28@example.net', '07356147201', '(882)441-4984', '5938 Mertz Dam', '272479'),
(14, 'Brennan', 'Braun', 'd4546e7811fa3d312c1e74f6fc3b548620808bd5658b136decf056f15b8c10bf', 'brandi99@example.org', '592-357-9594x', '(842)148-1512', '0668 Schneider Forks', '979394'),
(15, 'Allan', 'Strosin', '58741a00ac27c4b04bf05640cb60cfd3af4f6e8703b600cf53758fdf5daa9069', 'nschaefer@example.com', '1-815-839-527', '688.991.2085', '807 Clara Spring', '940599'),
(16, 'Dominic', 'Kohler', '6b3029b592c7a1fec304d03df57177304a71de0ca3b13f4277d5cb7f1fdca88d', 'udurgan@example.com', '807-455-4509', '230.634.1733x', '814 Mueller Valley Suite 877', '209684'),
(17, 'Kenya', 'Jerde', '52d379f793d121ef69237ed003c1fa340fb8d2f8ff0f580be77e8b81c83f14c2', 'vkunze@example.com', '(058)257-6268', '943-798-4700', '966 Grayce Cove Apt. 143', '463210'),
(18, 'Ryann', 'Mitchell', 'cf8497a7f8d9a1f3bf3a1c9ead5d4fb454b454ef414087ffb8a56a019f15e155', 'rempel.donnie@example.org', '872-593-8314', '435.196.3180x', '2108 Powlowski Row Suite 759', '698062'),
(19, 'Eldon', 'Kozey', 'a36326391eb13bfc90bb1ae82f872b2590dc19792890eca8d8ab76e40622e720', 'anabelle93@example.org', '1-294-399-952', '671-180-0866x', '04885 Gillian Crescent', '563674'),
(20, 'Willow', 'Lubowitz', 'bb7dfb3ba427252d37d96224c5a86fb6e16eac1d6d88d6b92853c1ae7b18fdf7', 'dovie57@example.com', '1-736-736-572', '1-993-870-638', '30383 Nicolas Spurs Suite 692', '406385'),
(21, 'Alice', 'Sanford', '81f86a490f58ac3772a18a831d9d103fabac2144a69a8e2e83e6ba6965837b81', 'lindgren.manley@example.org', '219.266.1886x', '(718)585-9227', '263 Horace Roads Suite 312', '108606'),
(22, 'Jayde', 'Kemmer', '18a3fba8a321084c7a428d09909959853aca6eb709d74b6fb72bbf4263672e36', 'kelsi93@example.com', '156-800-5366x', '+99(7)0377026', '7804 Clyde Center', '478329'),
(23, 'Helen', 'Gusikowski', '2c32a2d978ef64758bb17be8f0567818d1c3972f42ff3077c4937612c8c1f358', 'ncruickshank@example.net', '157.766.1826x', '713-563-6374', '98452 Morar Brooks', '488861'),
(24, 'Erin', 'Lesch', '32f7fb2d52f48792389805d2ce4efc298a0a8c0a89385de271b706b79479450a', 'kaela.franecki@example.net', '(631)155-4386', '1-047-540-519', '065 Altenwerth Park Apt. 064', '706444'),
(25, 'Isom', 'Kutch', 'bd072ba13d68294a5a42c40d3473c02cd7884d249e2d32a90676b39e37acf5dc', 'oemmerich@example.org', '(757)364-1826', '1-947-458-970', '0164 Emilia Via', '816722'),
(26, 'Osvaldo', 'Tillman', '5858c82656f371358c8738a4206bca3bee9ec2fc685f354aa57a1f42052b0d45', 'gerhold.era@example.org', '973.489.7258', '+15(7)4161218', '9061 Borer Skyway', '473774'),
(27, 'Norval', 'Harvey', '34cf6f56c5c3bccd5d5d6865e878034c4720f6693aa34731a4f974165e5c468f', 'berry83@example.net', '(838)558-0888', '284.483.4845x', '700 Andre Mountain', '694598'),
(28, 'River', 'Shields', 'fba0c7de6747d8a59658fce597b00588ec4c7e35b3b41d8b75c13ecc2b7a09d3', 'ustamm@example.com', '1-615-414-576', '(046)865-4858', '03085 Wiegand Crescent Suite 921', '188533'),
(29, 'Mohammed', 'Lang', '34273cd19a567b6b51d2605d133aea611022d79ad3f6d5a07f898f7cc189c7e2', 'ena.raynor@example.org', '06406732800', '736.828.3444', '09188 Sofia Brooks Suite 258', '629008'),
(30, 'Gage', 'Strosin', '4bd87342d770b5b3572b17f7c7d693f3127aceb8034eb8bd47209397e1d4a845', 'cathrine.douglas@example.com', '(247)631-0285', '1-921-887-467', '09379 Leora Knoll', '315087'),
(33, 'Kung', 'Long', '9b005912412048a5d6be5c1509a2c2948cb3fbaa91f71973a98066b8b299d01a', 'lk123456@example.org', '0800-300-300', '(447)447-2241', '0108 Carnival Forks', '147852');

-- --------------------------------------------------------

--
-- Struktura tabele `category`
--

CREATE TABLE `category` (
  `category_id` int(10) UNSIGNED NOT NULL,
  `name` varchar(64) COLLATE utf8_unicode_ci NOT NULL
) ENGINE=InnoDB DEFAULT CHARSET=utf8 COLLATE=utf8_unicode_ci;

--
-- Prikaz podataka tabele `category`
--

INSERT INTO `category` (`category_id`, `name`) VALUES
(1, 'Solar panel - Monocrystalline silicon'),
(2, 'Solar panel - Polycrystalline silicon'),
(3, 'Solar panel - Amorphous'),
(4, 'Solar charge controller - PWM (Pulse width modulation)'),
(5, 'Solar charge controller - MPPT (Maximum power point tracking)'),
(6, 'OFF-Grid power inverter'),
(7, 'ON-Grid power inverter'),
(8, 'Hybrid power inverter'),
(9, 'Оловни'),
(10, 'Никл базирани'),
(11, 'Литијумски'),
(12, 'Специјални'),
(13, 'Electric vehicle');

-- --------------------------------------------------------

--
-- Struktura tabele `orders`
--

CREATE TABLE `orders` (
  `order_id` int(10) UNSIGNED NOT NULL,
  `account_id` int(10) UNSIGNED NOT NULL,
  `shipping_method` enum('Лично преузимање','Курирска служба','Пошта') COLLATE utf8_unicode_ci NOT NULL,
  `status` enum('Текућа','Отказана','Завршена') COLLATE utf8_unicode_ci NOT NULL
) ENGINE=InnoDB DEFAULT CHARSET=utf8 COLLATE=utf8_unicode_ci;

--
-- Prikaz podataka tabele `orders`
--

INSERT INTO `orders` (`order_id`, `account_id`, `shipping_method`, `status`) VALUES
(1, 1, 'Пошта', 'Завршена'),
(2, 2, 'Лично преузимање', 'Завршена'),
(3, 3, 'Пошта', 'Отказана'),
(4, 4, 'Лично преузимање', 'Отказана'),
(5, 5, 'Курирска служба', 'Отказана'),
(6, 6, 'Курирска служба', 'Завршена'),
(7, 7, 'Курирска служба', 'Завршена'),
(8, 8, 'Пошта', 'Завршена'),
(9, 9, 'Лично преузимање', 'Завршена'),
(10, 10, 'Пошта', 'Отказана'),
(11, 11, 'Курирска служба', 'Отказана'),
(12, 12, 'Пошта', 'Отказана'),
(13, 13, 'Лично преузимање', 'Завршена'),
(14, 14, 'Пошта', 'Текућа'),
(15, 15, 'Пошта', 'Завршена'),
(16, 16, 'Пошта', 'Завршена'),
(17, 17, 'Курирска служба', 'Отказана'),
(18, 18, 'Пошта', 'Отказана'),
(19, 19, 'Пошта', 'Текућа'),
(20, 20, 'Лично преузимање', 'Отказана'),
(21, 21, 'Курирска служба', 'Завршена'),
(22, 22, 'Лично преузимање', 'Текућа'),
(23, 23, 'Пошта', 'Текућа'),
(24, 24, 'Лично преузимање', 'Завршена'),
(25, 25, 'Лично преузимање', 'Отказана'),
(26, 26, 'Пошта', 'Завршена'),
(27, 27, 'Курирска служба', 'Текућа'),
(28, 28, 'Пошта', 'Отказана'),
(29, 29, 'Лично преузимање', 'Текућа'),
(30, 30, 'Курирска служба', 'Текућа'),
(31, 1, 'Пошта', 'Отказана'),
(32, 2, 'Пошта', 'Отказана'),
(33, 3, 'Лично преузимање', 'Отказана'),
(34, 4, 'Лично преузимање', 'Отказана'),
(35, 5, 'Лично преузимање', 'Отказана'),
(36, 6, 'Пошта', 'Отказана'),
(37, 7, 'Лично преузимање', 'Завршена'),
(38, 8, 'Курирска служба', 'Отказана'),
(39, 9, 'Пошта', 'Текућа'),
(40, 10, 'Курирска служба', 'Отказана'),
(41, 11, 'Курирска служба', 'Отказана'),
(42, 12, 'Курирска служба', 'Текућа'),
(43, 13, 'Курирска служба', 'Отказана'),
(44, 14, 'Курирска служба', 'Отказана'),
(45, 15, 'Курирска служба', 'Текућа'),
(46, 16, 'Лично преузимање', 'Текућа'),
(47, 17, 'Пошта', 'Текућа'),
(48, 18, 'Лично преузимање', 'Завршена'),
(49, 19, 'Курирска служба', 'Завршена'),
(50, 20, 'Курирска служба', 'Отказана'),
(51, 21, 'Пошта', 'Отказана'),
(52, 22, 'Курирска служба', 'Текућа'),
(53, 23, 'Курирска служба', 'Завршена'),
(54, 24, 'Курирска служба', 'Текућа'),
(55, 25, 'Пошта', 'Текућа'),
(56, 26, 'Пошта', 'Завршена'),
(57, 27, 'Курирска служба', 'Текућа'),
(58, 28, 'Лично преузимање', 'Отказана'),
(59, 29, 'Лично преузимање', 'Отказана'),
(60, 30, 'Курирска служба', 'Отказана'),
(61, 1, 'Лично преузимање', 'Текућа'),
(62, 2, 'Курирска служба', 'Отказана'),
(63, 3, 'Лично преузимање', 'Отказана'),
(64, 4, 'Лично преузимање', 'Текућа'),
(65, 5, 'Пошта', 'Отказана'),
(66, 6, 'Курирска служба', 'Отказана'),
(67, 7, 'Лично преузимање', 'Текућа'),
(68, 8, 'Лично преузимање', 'Завршена'),
(69, 9, 'Пошта', 'Завршена'),
(70, 10, 'Лично преузимање', 'Отказана'),
(71, 11, 'Лично преузимање', 'Текућа'),
(72, 12, 'Лично преузимање', 'Текућа'),
(73, 13, 'Лично преузимање', 'Текућа'),
(74, 14, 'Курирска служба', 'Отказана'),
(75, 15, 'Пошта', 'Текућа'),
(76, 16, 'Курирска служба', 'Отказана'),
(77, 17, 'Пошта', 'Завршена'),
(78, 18, 'Курирска служба', 'Отказана'),
(79, 19, 'Курирска служба', 'Текућа'),
(80, 20, 'Лично преузимање', 'Текућа'),
(81, 21, 'Лично преузимање', 'Завршена'),
(82, 22, 'Курирска служба', 'Текућа'),
(83, 23, 'Лично преузимање', 'Текућа'),
(84, 24, 'Лично преузимање', 'Текућа'),
(85, 25, 'Курирска служба', 'Отказана'),
(86, 26, 'Лично преузимање', 'Текућа'),
(87, 27, 'Пошта', 'Текућа'),
(88, 28, 'Пошта', 'Отказана'),
(89, 29, 'Пошта', 'Завршена'),
(90, 30, 'Пошта', 'Отказана'),
(91, 1, 'Пошта', 'Текућа'),
(92, 2, 'Пошта', 'Отказана'),
(93, 3, 'Курирска служба', 'Отказана'),
(94, 4, 'Лично преузимање', 'Завршена'),
(95, 5, 'Лично преузимање', 'Текућа'),
(96, 6, 'Курирска служба', 'Отказана'),
(97, 7, 'Лично преузимање', 'Завршена'),
(98, 8, 'Курирска служба', 'Текућа'),
(99, 9, 'Пошта', 'Завршена'),
(100, 10, 'Лично преузимање', 'Завршена');

-- --------------------------------------------------------

--
-- Struktura tabele `orders_product`
--

CREATE TABLE `orders_product` (
  `order_id` int(10) UNSIGNED NOT NULL,
  `product_id` int(10) UNSIGNED NOT NULL,
  `quantity` int(5) UNSIGNED NOT NULL
) ENGINE=InnoDB DEFAULT CHARSET=utf8 COLLATE=utf8_unicode_ci;

--
-- Prikaz podataka tabele `orders_product`
--

INSERT INTO `orders_product` (`order_id`, `product_id`, `quantity`) VALUES
(1, 298, 15),
(1, 300, 5),
(1, 314, 10),
(1, 328, 8),
(1, 342, 6),
(1, 356, 10),
(1, 370, 12),
(1, 384, 6),
(1, 398, 15),
(1, 400, 8),
(2, 299, 2),
(2, 301, 3),
(2, 315, 15),
(2, 329, 8),
(2, 343, 14),
(2, 357, 4),
(2, 371, 9),
(2, 385, 2),
(2, 399, 2),
(2, 401, 15),
(3, 300, 11),
(3, 302, 14),
(3, 316, 14),
(3, 330, 2),
(3, 344, 3),
(3, 358, 4),
(3, 372, 13),
(3, 386, 8),
(3, 400, 9),
(3, 402, 9),
(4, 301, 1),
(4, 303, 8),
(4, 317, 13),
(4, 331, 1),
(4, 345, 12),
(4, 359, 2),
(4, 373, 12),
(4, 387, 10),
(4, 401, 11),
(4, 403, 8),
(5, 302, 10),
(5, 304, 11),
(5, 318, 2),
(5, 332, 1),
(5, 346, 3),
(5, 360, 1),
(5, 374, 4),
(5, 388, 3),
(5, 402, 12),
(5, 404, 1),
(6, 303, 3),
(6, 305, 3),
(6, 319, 15),
(6, 333, 12),
(6, 347, 6),
(6, 361, 5),
(6, 375, 7),
(6, 389, 10),
(6, 403, 4),
(6, 405, 6),
(7, 304, 3),
(7, 306, 5),
(7, 320, 9),
(7, 334, 4),
(7, 348, 3),
(7, 362, 13),
(7, 376, 6),
(7, 390, 11),
(7, 404, 1),
(7, 406, 8),
(8, 305, 8),
(8, 307, 12),
(8, 321, 15),
(8, 335, 4),
(8, 349, 1),
(8, 363, 12),
(8, 377, 12),
(8, 391, 14),
(8, 405, 8),
(8, 407, 7),
(9, 306, 15),
(9, 308, 12),
(9, 322, 1),
(9, 336, 3),
(9, 350, 13),
(9, 364, 11),
(9, 378, 3),
(9, 392, 9),
(9, 406, 5),
(9, 408, 10),
(10, 307, 8),
(10, 309, 4),
(10, 323, 2),
(10, 337, 12),
(10, 351, 15),
(10, 365, 2),
(10, 379, 12),
(10, 393, 7),
(10, 407, 11),
(10, 409, 1),
(11, 308, 3),
(11, 310, 11),
(11, 324, 10),
(11, 338, 8),
(11, 352, 6),
(11, 366, 8),
(11, 380, 2),
(11, 394, 13),
(11, 408, 11),
(11, 410, 4),
(12, 309, 9),
(12, 311, 7),
(12, 325, 11),
(12, 339, 8),
(12, 353, 14),
(12, 367, 9),
(12, 381, 9),
(12, 395, 9),
(12, 409, 8),
(12, 411, 5),
(13, 298, 12),
(13, 310, 12),
(13, 312, 5),
(13, 326, 2),
(13, 340, 10),
(13, 354, 15),
(13, 368, 14),
(13, 382, 8),
(13, 396, 9),
(13, 410, 2),
(14, 299, 14),
(14, 311, 12),
(14, 313, 13),
(14, 327, 7),
(14, 341, 6),
(14, 355, 3),
(14, 369, 2),
(14, 383, 3),
(14, 397, 2),
(14, 411, 15),
(15, 298, 12),
(15, 300, 1),
(15, 312, 14),
(15, 314, 10),
(15, 328, 8),
(15, 342, 14),
(15, 356, 3),
(15, 370, 4),
(15, 384, 1),
(15, 398, 10),
(16, 299, 14),
(16, 301, 3),
(16, 313, 10),
(16, 315, 1),
(16, 329, 11),
(16, 343, 3),
(16, 357, 11),
(16, 371, 4),
(16, 385, 7),
(16, 399, 12),
(17, 300, 14),
(17, 302, 9),
(17, 314, 1),
(17, 316, 4),
(17, 330, 7),
(17, 344, 15),
(17, 358, 15),
(17, 372, 11),
(17, 386, 7),
(17, 400, 7),
(18, 301, 10),
(18, 303, 6),
(18, 315, 1),
(18, 317, 3),
(18, 331, 14),
(18, 345, 3),
(18, 359, 5),
(18, 373, 14),
(18, 387, 5),
(18, 401, 3),
(19, 302, 7),
(19, 304, 15),
(19, 316, 5),
(19, 318, 13),
(19, 332, 5),
(19, 346, 13),
(19, 360, 4),
(19, 374, 14),
(19, 388, 13),
(19, 402, 15),
(20, 303, 12),
(20, 305, 14),
(20, 317, 1),
(20, 319, 6),
(20, 333, 8),
(20, 347, 5),
(20, 361, 12),
(20, 375, 13),
(20, 389, 13),
(20, 403, 6),
(21, 304, 8),
(21, 306, 7),
(21, 318, 10),
(21, 320, 15),
(21, 334, 1),
(21, 348, 8),
(21, 362, 1),
(21, 376, 2),
(21, 390, 12),
(21, 404, 12),
(22, 305, 8),
(22, 307, 6),
(22, 319, 14),
(22, 321, 4),
(22, 335, 13),
(22, 349, 3),
(22, 363, 2),
(22, 377, 7),
(22, 391, 8),
(22, 405, 15),
(23, 306, 5),
(23, 308, 10),
(23, 320, 5),
(23, 322, 6),
(23, 336, 9),
(23, 350, 11),
(23, 364, 14),
(23, 378, 4),
(23, 392, 1),
(23, 406, 10),
(24, 307, 2),
(24, 309, 7),
(24, 321, 10),
(24, 323, 7),
(24, 337, 7),
(24, 351, 8),
(24, 365, 13),
(24, 379, 2),
(24, 393, 14),
(24, 407, 12),
(25, 308, 10),
(25, 310, 12),
(25, 322, 9),
(25, 324, 14),
(25, 338, 14),
(25, 352, 6),
(25, 366, 15),
(25, 380, 9),
(25, 394, 10),
(25, 408, 14),
(26, 309, 3),
(26, 311, 10),
(26, 323, 13),
(26, 325, 11),
(26, 339, 7),
(26, 353, 2),
(26, 367, 7),
(26, 381, 11),
(26, 395, 11),
(26, 409, 14),
(27, 310, 6),
(27, 312, 3),
(27, 324, 5),
(27, 326, 6),
(27, 340, 7),
(27, 354, 10),
(27, 368, 3),
(27, 382, 3),
(27, 396, 15),
(27, 410, 12),
(28, 311, 11),
(28, 313, 1),
(28, 325, 4),
(28, 327, 10),
(28, 341, 7),
(28, 355, 2),
(28, 369, 10),
(28, 383, 2),
(28, 397, 15),
(28, 411, 2),
(29, 298, 8),
(29, 312, 10),
(29, 314, 11),
(29, 326, 2),
(29, 328, 1),
(29, 342, 7),
(29, 356, 10),
(29, 370, 8),
(29, 384, 10),
(29, 398, 4),
(30, 299, 5),
(30, 313, 1),
(30, 315, 12),
(30, 327, 7),
(30, 329, 10),
(30, 343, 7),
(30, 357, 12),
(30, 371, 1),
(30, 385, 6),
(30, 399, 4),
(31, 300, 13),
(31, 314, 3),
(31, 316, 9),
(31, 328, 9),
(31, 330, 9),
(31, 344, 4),
(31, 358, 12),
(31, 372, 1),
(31, 386, 13),
(31, 400, 7),
(32, 301, 15),
(32, 315, 12),
(32, 317, 5),
(32, 329, 14),
(32, 331, 3),
(32, 345, 2),
(32, 359, 13),
(32, 373, 14),
(32, 387, 7),
(32, 401, 13),
(33, 302, 2),
(33, 316, 12),
(33, 318, 6),
(33, 330, 2),
(33, 332, 7),
(33, 346, 7),
(33, 360, 1),
(33, 374, 5),
(33, 388, 1),
(33, 402, 10),
(34, 303, 6),
(34, 317, 7),
(34, 319, 14),
(34, 331, 7),
(34, 333, 4),
(34, 347, 12),
(34, 361, 11),
(34, 375, 5),
(34, 389, 4),
(34, 403, 9),
(35, 304, 6),
(35, 318, 4),
(35, 320, 1),
(35, 332, 4),
(35, 334, 6),
(35, 348, 2),
(35, 362, 1),
(35, 376, 7),
(35, 390, 4),
(35, 404, 6),
(36, 305, 6),
(36, 319, 11),
(36, 321, 3),
(36, 333, 14),
(36, 335, 1),
(36, 349, 10),
(36, 363, 1),
(36, 377, 5),
(36, 391, 12),
(36, 405, 9),
(37, 306, 11),
(37, 320, 8),
(37, 322, 12),
(37, 334, 6),
(37, 336, 14),
(37, 350, 7),
(37, 364, 6),
(37, 378, 7),
(37, 392, 5),
(37, 406, 1),
(38, 307, 3),
(38, 321, 1),
(38, 323, 12),
(38, 335, 15),
(38, 337, 2),
(38, 351, 10),
(38, 365, 4),
(38, 379, 2),
(38, 393, 8),
(38, 407, 1),
(39, 308, 6),
(39, 322, 3),
(39, 324, 8),
(39, 336, 4),
(39, 338, 3),
(39, 352, 3),
(39, 366, 11),
(39, 380, 2),
(39, 394, 1),
(39, 408, 8),
(40, 309, 11),
(40, 323, 6),
(40, 325, 11),
(40, 337, 4),
(40, 339, 6),
(40, 353, 6),
(40, 367, 12),
(40, 381, 14),
(40, 395, 7),
(40, 409, 9),
(41, 310, 2),
(41, 324, 8),
(41, 326, 15),
(41, 338, 2),
(41, 340, 15),
(41, 354, 1),
(41, 368, 8),
(41, 382, 10),
(41, 396, 8),
(41, 410, 3),
(42, 311, 3),
(42, 325, 5),
(42, 327, 11),
(42, 339, 6),
(42, 341, 2),
(42, 355, 6),
(42, 369, 7),
(42, 383, 5),
(42, 397, 12),
(42, 411, 13),
(43, 298, 2),
(43, 312, 7),
(43, 326, 9),
(43, 328, 10),
(43, 340, 11),
(43, 342, 13),
(43, 356, 13),
(43, 370, 7),
(43, 384, 10),
(43, 398, 7),
(44, 299, 12),
(44, 313, 8),
(44, 327, 14),
(44, 329, 5),
(44, 341, 1),
(44, 343, 9),
(44, 357, 12),
(44, 371, 8),
(44, 385, 12),
(44, 399, 2),
(45, 300, 1),
(45, 314, 15),
(45, 328, 6),
(45, 330, 15),
(45, 342, 14),
(45, 344, 1),
(45, 358, 2),
(45, 372, 8),
(45, 386, 13),
(45, 400, 2),
(46, 301, 2),
(46, 315, 15),
(46, 329, 2),
(46, 331, 14),
(46, 343, 6),
(46, 345, 11),
(46, 359, 4),
(46, 373, 12),
(46, 387, 15),
(46, 401, 8),
(47, 302, 9),
(47, 316, 1),
(47, 330, 14),
(47, 332, 13),
(47, 344, 8),
(47, 346, 13),
(47, 360, 9),
(47, 374, 9),
(47, 388, 14),
(47, 402, 14),
(48, 303, 3),
(48, 317, 5),
(48, 331, 8),
(48, 333, 8),
(48, 345, 12),
(48, 347, 11),
(48, 361, 15),
(48, 375, 6),
(48, 389, 7),
(48, 403, 4),
(49, 304, 13),
(49, 318, 13),
(49, 332, 1),
(49, 334, 9),
(49, 346, 1),
(49, 348, 10),
(49, 362, 12),
(49, 376, 15),
(49, 390, 6),
(49, 404, 13),
(50, 305, 1),
(50, 319, 6),
(50, 333, 5),
(50, 335, 14),
(50, 347, 8),
(50, 349, 15),
(50, 363, 9),
(50, 377, 15),
(50, 391, 13),
(50, 405, 8),
(51, 306, 6),
(51, 320, 6),
(51, 334, 1),
(51, 336, 1),
(51, 348, 5),
(51, 350, 11),
(51, 364, 6),
(51, 378, 12),
(51, 392, 11),
(51, 406, 6),
(52, 307, 1),
(52, 321, 13),
(52, 335, 15),
(52, 337, 13),
(52, 349, 12),
(52, 351, 9),
(52, 365, 4),
(52, 379, 1),
(52, 393, 13),
(52, 407, 6),
(53, 308, 13),
(53, 322, 4),
(53, 336, 5),
(53, 338, 11),
(53, 350, 13),
(53, 352, 8),
(53, 366, 4),
(53, 380, 12),
(53, 394, 5),
(53, 408, 9),
(54, 309, 2),
(54, 323, 3),
(54, 337, 13),
(54, 339, 2),
(54, 351, 13),
(54, 353, 13),
(54, 367, 9),
(54, 381, 11),
(54, 395, 15),
(54, 409, 14),
(55, 310, 15),
(55, 324, 13),
(55, 338, 7),
(55, 340, 6),
(55, 352, 10),
(55, 354, 12),
(55, 368, 12),
(55, 382, 1),
(55, 396, 7),
(55, 410, 9),
(56, 311, 7),
(56, 325, 5),
(56, 339, 13),
(56, 341, 10),
(56, 353, 13),
(56, 355, 2),
(56, 369, 11),
(56, 383, 4),
(56, 397, 4),
(56, 411, 4),
(57, 298, 1),
(57, 312, 2),
(57, 326, 1),
(57, 340, 7),
(57, 342, 13),
(57, 354, 15),
(57, 356, 8),
(57, 370, 10),
(57, 384, 8),
(57, 398, 12),
(58, 299, 8),
(58, 313, 5),
(58, 327, 7),
(58, 341, 4),
(58, 343, 5),
(58, 355, 8),
(58, 357, 5),
(58, 371, 4),
(58, 385, 1),
(58, 399, 11),
(59, 300, 2),
(59, 314, 9),
(59, 328, 11),
(59, 342, 11),
(59, 344, 10),
(59, 356, 1),
(59, 358, 12),
(59, 372, 14),
(59, 386, 6),
(59, 400, 13),
(60, 301, 3),
(60, 315, 13),
(60, 329, 2),
(60, 343, 4),
(60, 345, 9),
(60, 357, 15),
(60, 359, 6),
(60, 373, 12),
(60, 387, 12),
(60, 401, 9),
(61, 302, 14),
(61, 316, 1),
(61, 330, 9),
(61, 344, 9),
(61, 346, 5),
(61, 358, 9),
(61, 360, 1),
(61, 374, 2),
(61, 388, 9),
(61, 402, 13),
(62, 303, 12),
(62, 317, 15),
(62, 331, 9),
(62, 345, 5),
(62, 347, 12),
(62, 359, 4),
(62, 361, 11),
(62, 375, 11),
(62, 389, 14),
(62, 403, 5),
(63, 304, 6),
(63, 318, 6),
(63, 332, 5),
(63, 346, 6),
(63, 348, 8),
(63, 360, 10),
(63, 362, 3),
(63, 376, 3),
(63, 390, 10),
(63, 404, 2),
(64, 305, 14),
(64, 319, 12),
(64, 333, 4),
(64, 347, 10),
(64, 349, 2),
(64, 361, 1),
(64, 363, 10),
(64, 377, 14),
(64, 391, 14),
(64, 405, 11),
(65, 306, 10),
(65, 320, 12),
(65, 334, 15),
(65, 348, 10),
(65, 350, 12),
(65, 362, 13),
(65, 364, 5),
(65, 378, 13),
(65, 392, 9),
(65, 406, 8),
(66, 307, 13),
(66, 321, 6),
(66, 335, 3),
(66, 349, 5),
(66, 351, 2),
(66, 363, 7),
(66, 365, 11),
(66, 379, 2),
(66, 393, 9),
(66, 407, 3),
(67, 308, 3),
(67, 322, 9),
(67, 336, 1),
(67, 350, 10),
(67, 352, 2),
(67, 364, 2),
(67, 366, 8),
(67, 380, 10),
(67, 394, 12),
(67, 408, 15),
(68, 309, 10),
(68, 323, 15),
(68, 337, 11),
(68, 351, 12),
(68, 353, 11),
(68, 365, 1),
(68, 367, 11),
(68, 381, 5),
(68, 395, 11),
(68, 409, 1),
(69, 310, 15),
(69, 324, 3),
(69, 338, 15),
(69, 352, 13),
(69, 354, 12),
(69, 366, 7),
(69, 368, 9),
(69, 382, 10),
(69, 396, 8),
(69, 410, 11),
(70, 311, 5),
(70, 325, 8),
(70, 339, 3),
(70, 353, 3),
(70, 355, 14),
(70, 367, 9),
(70, 369, 3),
(70, 383, 2),
(70, 397, 12),
(70, 411, 15),
(71, 298, 11),
(71, 312, 4),
(71, 326, 6),
(71, 340, 15),
(71, 354, 6),
(71, 356, 12),
(71, 368, 9),
(71, 370, 6),
(71, 384, 11),
(71, 398, 10),
(72, 299, 14),
(72, 313, 10),
(72, 327, 12),
(72, 341, 8),
(72, 355, 6),
(72, 357, 11),
(72, 369, 2),
(72, 371, 5),
(72, 385, 3),
(72, 399, 13),
(73, 300, 15),
(73, 314, 10),
(73, 328, 7),
(73, 342, 14),
(73, 356, 6),
(73, 358, 13),
(73, 370, 13),
(73, 372, 2),
(73, 386, 7),
(73, 400, 9),
(74, 301, 1),
(74, 315, 15),
(74, 329, 11),
(74, 343, 7),
(74, 357, 1),
(74, 359, 10),
(74, 371, 2),
(74, 373, 9),
(74, 387, 13),
(74, 401, 8),
(75, 302, 2),
(75, 316, 5),
(75, 330, 9),
(75, 344, 7),
(75, 358, 6),
(75, 360, 4),
(75, 372, 5),
(75, 374, 6),
(75, 388, 14),
(75, 402, 15),
(76, 303, 13),
(76, 317, 12),
(76, 331, 8),
(76, 345, 11),
(76, 359, 1),
(76, 361, 14),
(76, 373, 2),
(76, 375, 8),
(76, 389, 1),
(76, 403, 6),
(77, 304, 3),
(77, 318, 7),
(77, 332, 11),
(77, 346, 9),
(77, 360, 12),
(77, 362, 8),
(77, 374, 11),
(77, 376, 2),
(77, 390, 1),
(77, 404, 11),
(78, 305, 14),
(78, 319, 15),
(78, 333, 1),
(78, 347, 8),
(78, 361, 14),
(78, 363, 15),
(78, 375, 3),
(78, 377, 10),
(78, 391, 10),
(78, 405, 14),
(79, 306, 9),
(79, 320, 6),
(79, 334, 9),
(79, 348, 12),
(79, 362, 10),
(79, 364, 13),
(79, 376, 1),
(79, 378, 9),
(79, 392, 1),
(79, 406, 10),
(80, 307, 6),
(80, 321, 12),
(80, 335, 15),
(80, 349, 2),
(80, 363, 11),
(80, 365, 13),
(80, 377, 12),
(80, 379, 11),
(80, 393, 3),
(80, 407, 5),
(81, 308, 2),
(81, 322, 11),
(81, 336, 8),
(81, 350, 6),
(81, 364, 4),
(81, 366, 10),
(81, 378, 10),
(81, 380, 10),
(81, 394, 9),
(81, 408, 4),
(82, 309, 15),
(82, 323, 5),
(82, 337, 8),
(82, 351, 15),
(82, 365, 6),
(82, 367, 1),
(82, 379, 3),
(82, 381, 11),
(82, 395, 15),
(82, 409, 12),
(83, 310, 9),
(83, 324, 4),
(83, 338, 11),
(83, 352, 12),
(83, 366, 2),
(83, 368, 14),
(83, 380, 13),
(83, 382, 10),
(83, 396, 9),
(83, 410, 10),
(84, 311, 4),
(84, 325, 8),
(84, 339, 11),
(84, 353, 10),
(84, 367, 9),
(84, 369, 12),
(84, 381, 3),
(84, 383, 10),
(84, 397, 2),
(84, 411, 15),
(85, 298, 1),
(85, 312, 9),
(85, 326, 7),
(85, 340, 3),
(85, 354, 4),
(85, 368, 13),
(85, 370, 4),
(85, 382, 8),
(85, 384, 2),
(85, 398, 2),
(86, 299, 15),
(86, 313, 15),
(86, 327, 15),
(86, 341, 5),
(86, 355, 4),
(86, 369, 1),
(86, 371, 7),
(86, 383, 11),
(86, 385, 4),
(86, 399, 3),
(87, 300, 7),
(87, 314, 5),
(87, 328, 4),
(87, 342, 6),
(87, 356, 15),
(87, 370, 1),
(87, 372, 7),
(87, 384, 9),
(87, 386, 5),
(87, 400, 1),
(88, 301, 3),
(88, 315, 8),
(88, 329, 15),
(88, 343, 1),
(88, 357, 12),
(88, 371, 10),
(88, 373, 15),
(88, 385, 9),
(88, 387, 8),
(88, 401, 14),
(89, 302, 4),
(89, 316, 14),
(89, 330, 1),
(89, 344, 2),
(89, 358, 7),
(89, 372, 7),
(89, 374, 9),
(89, 386, 2),
(89, 388, 15),
(89, 402, 14),
(90, 303, 5),
(90, 317, 11),
(90, 331, 11),
(90, 345, 9),
(90, 359, 11),
(90, 373, 13),
(90, 375, 12),
(90, 387, 3),
(90, 389, 15),
(90, 403, 2),
(91, 304, 12),
(91, 318, 5),
(91, 332, 7),
(91, 346, 2),
(91, 360, 8),
(91, 374, 1),
(91, 376, 15),
(91, 388, 11),
(91, 390, 7),
(91, 404, 7),
(92, 305, 11),
(92, 319, 7),
(92, 333, 4),
(92, 347, 5),
(92, 361, 10),
(92, 375, 10),
(92, 377, 6),
(92, 389, 11),
(92, 391, 12),
(92, 405, 8),
(93, 306, 9),
(93, 320, 12),
(93, 334, 10),
(93, 348, 14),
(93, 362, 3),
(93, 376, 12),
(93, 378, 13),
(93, 390, 8),
(93, 392, 8),
(93, 406, 1),
(94, 307, 9),
(94, 321, 12),
(94, 335, 7),
(94, 349, 4),
(94, 363, 10),
(94, 377, 13),
(94, 379, 2),
(94, 391, 5),
(94, 393, 10),
(94, 407, 3),
(95, 308, 15),
(95, 322, 9),
(95, 336, 8),
(95, 350, 4),
(95, 364, 13),
(95, 378, 3),
(95, 380, 13),
(95, 392, 5),
(95, 394, 14),
(95, 408, 7),
(96, 309, 7),
(96, 323, 4),
(96, 337, 8),
(96, 351, 4),
(96, 365, 12),
(96, 379, 14),
(96, 381, 8),
(96, 393, 4),
(96, 395, 14),
(96, 409, 10),
(97, 310, 10),
(97, 324, 5),
(97, 338, 12),
(97, 352, 1),
(97, 366, 12),
(97, 380, 14),
(97, 382, 1),
(97, 394, 10),
(97, 396, 14),
(97, 410, 15),
(98, 311, 1),
(98, 325, 8),
(98, 339, 2),
(98, 353, 14),
(98, 367, 4),
(98, 381, 10),
(98, 383, 12),
(98, 395, 10),
(98, 397, 11),
(98, 411, 6),
(99, 298, 4),
(99, 312, 8),
(99, 326, 7),
(99, 340, 9),
(99, 354, 8),
(99, 368, 2),
(99, 382, 6),
(99, 384, 4),
(99, 396, 11),
(99, 398, 11),
(100, 299, 15),
(100, 313, 2),
(100, 327, 8),
(100, 341, 14),
(100, 355, 12),
(100, 369, 13),
(100, 383, 1),
(100, 385, 13),
(100, 397, 8),
(100, 399, 10);

-- --------------------------------------------------------

--
-- Struktura tabele `product`
--

CREATE TABLE `product` (
  `product_id` int(10) UNSIGNED NOT NULL,
  `name` varchar(128) COLLATE utf8_unicode_ci NOT NULL,
  `category_id` int(10) UNSIGNED NOT NULL,
  `description` varchar(1000) COLLATE utf8_unicode_ci NOT NULL,
  `left_in_stock` int(5) UNSIGNED NOT NULL,
  `price` int(10) UNSIGNED NOT NULL
) ENGINE=InnoDB DEFAULT CHARSET=utf8 COLLATE=utf8_unicode_ci;

--
-- Prikaz podataka tabele `product`
--

INSERT INTO `product` (`product_id`, `name`, `category_id`, `description`, `left_in_stock`, `price`) VALUES
(298, 'Sungold SGSP-120W', 1, 'Максимална радна снага: 120W Напон отвореног кола: 24.64V Максимални радни напон: 20.88V Струја кратког споја: 6.32A Максимална радна струја: 5.97A Ефикасност ћелија: 22.6% Максимални дозвољни напон кола: 1500.0VDC Радна температура: -40~85℃  Димензије: 1190x540x35 mm Тежина: 7.24 кг', 0, 10530),
(299, 'Tekshine LR4-72-450M', 1, 'Максимална радна снага: 450W Напон отвореног кола: 49.3V Максимални радни напон: 41.5V Струја кратког споја: 11.6A Максимална радна струја: 10.85A Ефикасност ћелија: 21.1% Максимални дозвољни напон кола: 1500.0VDC Радна температура: -40~85℃ Димензије: 2094x1038x35 mm Тежина: 23.3 кг', 15, 21300),
(300, 'Dawn DLPV-PO10010', 2, 'Максимална радна снага: 330W Напон отвореног кола: 45.36V Максимални радни напон: 37.8V Струја кратког споја: 10.48A Максимална радна струја: 8.73A Ефикасност ћелија: 15.9% Максимални дозвољни напон кола: 1000.0VDC Радна температура: -40~85℃ Димензије: 1320x992x40 mm Тежина: 11.4 кг', 38, 17350),
(301, 'Power-Time PTO-390 12V 9.8Ah', 10, 'Тип акумулатора: NiMH Напон: 12.0V Максимални капацитет: 9.8Ah Радна температура: -40~50℃ Број ћелија: 1x12V Рок трајања преко 30 година', 124, 22500),
(302, 'Power-Time PTO-390 24V 4.9Ah', 10, 'Тип акумулатора: NiMH Напон: 24.0V Максимални капацитет: 4.9Ah Радна температура: -40~50℃ Број ћелија: 1x24V Рок трајања преко 30 година', 83, 23500),
(303, 'Hengming GN50', 10, 'Тип акумулатора: NiCd Напон: 1.2V Максимални капацитет: 50.0Ah Радна температура: -40~50℃ Број ћелија: 1x1.2V Рок трајања преко 30 година', 139, 11400),
(304, 'CIYI CYNF100', 10, 'Тип акумулатора: NiCd Напон: 1.2V Максимални капацитет: 100.0Ah Радна температура: -40~50℃ Број ћелија: 1x1.2V Рок трајања преко 30 година', 174, 20000),
(305, 'CIYI CYNF150', 10, 'Тип акумулатора: NiCd Напон: 1.2V Максимални капацитет: 150.0Ah Радна температура: -40~50℃ Број ћелија: 1x1.2V Рок трајања преко 30 година', 245, 31400),
(306, 'CIYI CYNF200', 10, 'Тип акумулатора: NiCd Напон: 1.2V Максимални капацитет: 200.0Ah Радна температура: -40~50℃ Број ћелија: 1x1.2V Рок трајања преко 30 година', 167, 45000),
(307, 'Nickel Iron FL-400P 12V 50Ah', 10, 'Тип акумулатора: NiFe Напон: 12.0V Максимални капацитет: 50.0Ah Радна температура: -40~50℃ Број ћелија: 9x1.2V Рок трајања преко 30 година', 138, 37000),
(308, 'Nickel Iron FL-400P 24V 400Ah', 10, 'Тип акумулатора: NiFe Напон: 24.0V Максимални капацитет: 400.0Ah Радна температура: -40~50℃ Број ћелија: 20x1.2V Рок трајања преко 30 година', 66, 347000),
(309, 'Nickel Iron FL-400P 48V 400Ah', 10, 'Тип акумулатора: NiFe Напон: 48.0V Максимални капацитет: 400.0Ah Радна температура: -40~50℃ Број ћелија: 40x1.2V Рок трајања преко 30 година', 56, 710000),
(310, 'CanadianSolar CS6K-275P', 2, 'Максимална радна снага: 275W Напон отвореног кола: 38.0V Максимални радни напон: 31.0V Струја кратког споја: 9.45A Максимална радна струја: 8.88A Ефикасност ћелија: 16.8% Максимални дозвољни напон кола: 1000.0VDC Радна температура: -40~85℃ Димензије: 1650x992x35 mm Тежина: 18.0 кг', 23, 13700),
(311, 'Torphan Li-smart 24v200Ah', 11, 'Тип акумулатора: Li-ion CoO2 Напон: 24V Максимални капацитет: 200Ah Максимална дозвољена струја пуњења: 60A Број циклуса: >8000@70% DOD Радна температура: -5~45℃ Тежина: 64.8', 71, 147500),
(312, 'Torphan Li-smart 24v800Ah', 11, 'Тип акумулатора: Li-ion CoO2 Напон: 24V Максимални капацитет: 800Ah Максимална дозвољена струја пуњења: 240A Број циклуса: >8000@70% DOD Радна температура: -5~45℃ Тежина: 120.8', 41, 525500),
(313, 'Torphan Tor-24V200Ah', 11, 'Тип акумулатора: Li-ion FePO4 Напон: 24V Максимални капацитет: 200Ah Максимална дозвољена струја пуњења: 100A Број циклуса: >8000@70% DOD Радна температура: -5~45℃ Тежина: 80.8', 32, 147500),
(314, 'Torphan Tor-24V400Ah', 11, 'Тип акумулатора: Li-ion FePO4 Напон: 24V Максимални капацитет: 400Ah Максимална дозвољена струја пуњења: 200A Број циклуса: >8000@70% DOD Радна температура: -5~45℃ Тежина: 161.8', 16, 234500),
(315, 'Torphan Tor-24V600Ah', 11, 'Тип акумулатора: Li-ion FePO4 Напон: 24V Максимални капацитет: 600Ah Максимална дозвољена струја пуњења: 300A Број циклуса: >8000@70% DOD Радна температура: -5~45℃ Тежина: 242.8', 30, 341400),
(316, 'Torphan Tor-24V800Ah', 11, 'Тип акумулатора: Li-ion FePO4 Напон: 24V Максимални капацитет: 800Ah Максимална дозвољена струја пуњења: 400A Број циклуса: >8000@70% DOD Радна температура: -5~45℃ Тежина: 290.8', 75, 474000),
(317, 'Torphan Tor-24V1000Ah', 11, 'Тип акумулатора: Li-ion FePO4 Напон: 24V Максимални капацитет: 1000Ah Максимална дозвољена струја пуњења: 500A Број циклуса: >8000@70% DOD Радна температура: -5~45℃ Тежина: 340.8', 69, 560000),
(318, 'Torphan Tor-48V200Ah', 11, 'Тип акумулатора: Li-ion FePO4 Напон: 48V Максимални капацитет: 200Ah Максимална дозвољена струја пуњења: 100A Број циклуса: >8000@70% DOD Радна температура: -5~45℃ Тежина: 160.8', 47, 237500),
(319, 'Torphan Tor-48V400Ah', 11, 'Тип акумулатора: Li-ion FePO4 Напон: 48V Максимални капацитет: 400Ah Максимална дозвољена струја пуњења: 200A Број циклуса: >8000@70% DOD Радна температура: -5~45℃ Тежина: 321.8', 26, 334500),
(320, 'Torphan Tor-48V600Ah', 11, 'Тип акумулатора: Li-ion FePO4 Напон: 48V Максимални капацитет: 600Ah Максимална дозвољена струја пуњења: 300A Број циклуса: >8000@70% DOD Радна температура: -5~45℃ Тежина: 452.8', 78, 441400),
(321, 'ZHONGMING ZM-A-P-340', 2, 'Максимална радна снага: 340W Напон отвореног кола: 49.55V Максимални радни напон: 40.83V Струја кратког споја: 10.6A Максимална радна струја: 8.32A Ефикасност ћелија: 17.5% Максимални дозвољни напон кола: 1500.0VDC Радна температура: -40~85℃ Димензије: 1956x992x35 mm Тежина: 23.0 кг', 45, 18300),
(322, 'Torphan Tor-48V800Ah', 11, 'Тип акумулатора: Li-ion FePO4 Напон: 48V Максимални капацитет: 800Ah Максимална дозвољена струја пуњења: 400A Број циклуса: >8000@70% DOD Радна температура: -5~45℃ Тежина: 590.8', 68, 574000),
(323, 'Torphan Tor-48V1000Ah', 11, 'Тип акумулатора: Li-ion FePO4 Напон: 48V Максимални капацитет: 1000Ah Максимална дозвољена струја пуњења: 500A Број циклуса: >8000@70% DOD Радна температура: -5~45℃ Тежина: 920.8', 68, 700000),
(324, 'Yangtze OPzV2-300', 12, 'Тип акумулатора: OPzV Напон: 2V Максимални капацитет: 300Ah Максимална дозвољена струја пуњења: 60A Број циклуса: >5000@70% DOD Радна температура: -40~60℃ Тежина: 24.4', 63, 17600),
(325, 'Yangtze OPzV2-500', 12, 'Тип акумулатора: OPzV Напон: 2V Максимални капацитет: 500Ah Максимална дозвољена струја пуњења: 80A Број циклуса: >5000@70% DOD Радна температура: -40~60℃ Тежина: 44.8', 37, 27800),
(326, 'Yangtze OPzV2-600', 12, 'Тип акумулатора: OPzV Напон: 2V Максимални капацитет: 600Ah Максимална дозвољена струја пуњења: 100A Број циклуса: >5000@70% DOD Радна температура: -40~60℃ Тежина: 51.3', 73, 37500),
(327, 'Yangtze OPzV2-770', 12, 'Тип акумулатора: OPzV Напон: 2V Максимални капацитет: 770Ah Максимална дозвољена струја пуњења: 120A Број циклуса: >5000@70% DOD Радна температура: -40~60℃ Тежина: 64.8', 29, 47000),
(328, 'Yangtze OPzV2-3000', 12, 'Тип акумулатора: OPzV Напон: 2V Максимални капацитет: 3000Ah Максимална дозвољена струја пуњења: 500A Број циклуса: >5000@70% DOD Радна температура: -40~60℃ Тежина: 150.0', 70, 170000),
(329, 'Yangtze OPzS-3000', 12, 'Тип акумулатора: OPzS Напон: 2V Максимални капацитет: 3000Ah Максимална дозвољена струја пуњења: 500A Број циклуса: >5000@70% DOD Радна температура: -40~60℃ Тежина: 157.0', 35, 165000),
(330, 'Power Tools VET 2.5kW/10kWh', 12, 'Тип акумулатора: Vanadium Redox Flow Напон: 24V Максимални капацитет: 420Ah Максимална дозвољена струја пуњења: 105A Број циклуса: >20000@70% DOD Радна температура: -30~60℃ Тежина: 85.0', 35, 1150000),
(331, 'Power Tools VET 5kW/25kWh', 12, 'Тип акумулатора: Vanadium Redox Flow Напон: 48V Максимални капацитет: 520Ah Максимална дозвољена струја пуњења: 105A Број циклуса: >20000@70% DOD Радна температура: -40~60℃ Тежина: 135.0', 35, 1750000),
(332, 'PERLIGHT PLM-340P-72', 2, 'Максимална радна снага: 340W Напон отвореног кола: 47.43V Максимални радни напон: 38.99V Струја кратког споја: 9.32A Максимална радна струја: 8.85A Ефикасност ћелија: 17.78% Максимални дозвољни напон кола: 1500.0VDC Радна температура: -40~85℃ Димензије: 1956x992x40 mm Тежина: 22.6 кг', 73, 22860),
(333, 'SolarFirst SF-ST1-48', 3, 'Максимална радна снага: 48W Напон отвореног кола: 116.0V Максимални радни напон: 87.0V Струја кратког споја: 0.59A Максимална радна струја: 0.55A Ефикасност ћелија: 21.6% Максимални дозвољни напон кола: 1000.0VDC Радна температура: -40~85℃ Димензије: 1200x600x6.8 mm Тежина: 11.8 кг Материјал: Кадмијум телурид (CdTe) Транспарентност: 40%', 212, 9300),
(334, 'SolarFirst SF-ST1-64', 3, 'Максимална радна снага: 64W Напон отвореног кола: 116.0V Максимални радни напон: 87.0V Струја кратког споја: 0.78A Максимална радна струја: 0.73A Ефикасност ћелија: 21.6% Максимални дозвољни напон кола: 1000.0VDC Радна температура: -40~85℃ Димензије: 1200x600x6.8 mm Тежина: 11.8 кг Материјал: Кадмијум телурид (CdTe) Транспарентност: 40%', 294, 9500),
(335, 'SolarFirst SF-ST1-72', 3, 'Максимална радна снага: 72W Напон отвореног кола: 116.0V Максимални радни напон: 87.0V Струја кратког споја: 0.88A Максимална радна струја: 0.82A Ефикасност ћелија: 21.6% Максимални дозвољни напон кола: 1000.0VDC Радна температура: -40~85℃ Димензије: 1200x600x6.8 mm Тежина: 11.8 кг Материјал: Кадмијум телурид (CdTe) Транспарентност: 40%', 232, 9630),
(336, 'SolarFirst SF-ST1-80', 3, 'Максимална радна снага: 80W Напон отвореног кола: 58.8V Максимални радни напон: 47.4V Струја кратког споја: 1.9A Максимална радна струја: 1.68A Ефикасност ћелија: 21.6% Максимални дозвољни напон кола: 1000.0VDC Радна температура: -40~85℃ Димензије: 1200x600x6.8 mm Тежина: 11.8 кг Материјал: Кадмијум телурид (CdTe) Транспарентност: 40%', 238, 9890),
(337, 'SolarFirst SF-ST1-85', 3, 'Максимална радна снага: 85W Напон отвореног кола: 60.2V Максимални радни напон: 48.3V Струја кратког споја: 1.97A Максимална радна струја: 1.76A Ефикасност ћелија: 21.6% Максимални дозвољни напон кола: 1000.0VDC Радна температура: -40~85℃ Димензије: 1200x600x6.8 mm Тежина: 11.8 кг Материјал: Кадмијум телурид (CdTe) Транспарентност: 40%', 270, 10410),
(338, 'Maxsolar energy MAX-AP100W', 3, 'Максимална радна снага: 100W Напон отвореног кола: 22.46V Максимални радни напон: 18.0V Струја кратког споја: 5.82A Максимална радна струја: 5.56A Ефикасност ћелија: 8.0% Максимални дозвољни напон кола: 1000.0VDC Радна температура: -40~80℃ Димензије: 990x1380x25.0 mm Тежина: 15.5 кг Материјал: Аморфни силицијум (A-Si)', 70, 14200),
(339, 'Shinefar SF-M7/72 400W', 1, 'Максимална радна снага: 400W Напон отвореног кола: 49.0V Максимални радни напон: 40.6V Струја кратког споја: 10.57A Максимална радна струја: 9.88A Ефикасност ћелија: 19.9% Максимални дозвољни напон кола: 1000.0VDC Радна температура: -40~90℃ Димензије: 1979x1002x35 mm Тежина: 22.1 кг', 22, 20390),
(340, 'Guangdong SN-CIGS90W', 3, 'Максимална радна снага: 90W Напон отвореног кола: 25.6V Максимални радни напон: 20.6V Струја кратког споја: 4.89A Максимална радна струја: 4.37A Ефикасност ћелија: 15.6% Максимални дозвољни напон кола: 1000.0VDC Радна температура: -40~85℃ Димензије: 960x646x1.0 mm Тежина: 1.0 кг Материјал: Аморфни силицијум (A-Si)', 85, 16300),
(341, 'Guangdong SN-CIGS150W', 3, 'Максимална радна снага: 150W Напон отвореног кола: 46.1V Максимални радни напон: 37.1V Струја кратког споја: 4.89A Максимална радна струја: 4.37A Ефикасност ћелија: 15.6% Максимални дозвољни напон кола: 1000.0VDC Радна температура: -40~85℃ Димензије: 1665x646x1.0 mm Тежина: 2.0 кг Материјал: Аморфни силицијум (A-Si)', 62, 19200),
(342, 'Tai energy S2460 12V 40A', 4, 'Напон система: 12V/24V Максимални улазни напон: 25 V Потрошња: <=12 mA Максимална струја пуњења: 40A Подразумевани напон искључења пражњења: 11/22V Подразумевани напон укључења после пражњења:12.6/25.2VНапон float пуњења: 13.8/25.2V Максимални дозвољени напон акумултаора: 16.5/33V Температурна компензација: -24mV/-48mV/℃ Величина терминалног прикључка:  AWG Радна температура: -20~50℃ Димензије: 220x128x44 mm Тежина: 480 г Дозвољени типови акумулатора: оловни, AGM и GEL', 69, 5700),
(343, 'Tai energy S2460 12V 50A', 4, 'Напон система: 12V/24V Максимални улазни напон: 50 V Потрошња: <=12 mA Максимална струја пуњења: 50A Подразумевани напон искључења пражњења: 11/22V Подразумевани напон укључења после пражњења:12.6/25.2VНапон float пуњења: 13.8/25.2V Максимални дозвољени напон акумултаора: 16.5/33V Температурна компензација: -24mV/-48mV/℃ Величина терминалног прикључка:  AWG Радна температура: -20~50℃ Димензије: 220x128x44 mm Тежина: 480 г Дозвољени типови акумулатора: оловни, AGM и GEL', 55, 6400),
(344, 'Tai energy S2460 48V 50A', 4, 'Напон система: 48V Максимални улазни напон: 100 V Потрошња: <=12 mA Максимална струја пуњења: 50A Подразумевани напон искључења пражњења: 44V Подразумевани напон укључења после пражњења:50.4VНапон float пуњења: 55.2V Максимални дозвољени напон акумултаора: 66V Температурна компензација: -96mV/℃ Величина терминалног прикључка:  AWG Радна температура: -20~50℃ Димензије: 220x128x44 mm Тежина: 480 г Дозвољени типови акумулатора: оловни, AGM и GEL', 86, 6600),
(345, 'Tai energy S2460 48V 60A', 4, 'Напон система: 48V Максимални улазни напон: 100 V Потрошња: <=12 mA Максимална струја пуњења: 60A Подразумевани напон искључења пражњења: 44V Подразумевани напон укључења после пражњења:50.4VНапон float пуњења: 55.2V Максимални дозвољени напон акумултаора: 66V Температурна компензација: -96mV/℃ Величина терминалног прикључка:  AWG Радна температура: -20~50℃ Димензије: 220x128x44 mm Тежина: 480 г Дозвољени типови акумулатора: оловни, AGM и GEL', 77, 7500),
(346, 'SunRo PWM20', 4, 'Напон система: 12V/24V Максимални улазни напон: 50 V Потрошња: <=10 mA Максимална струја пуњења: 20A Подразумевани напон искључења пражњења: 10.7/21.4V Подразумевани напон укључења после пражњења:12.6/25.2VНапон float пуњења: 13.7/25.1V Максимални дозвољени напон акумултаора: НИЈЕ ДОСТУПНО Температурна компензација: НИЈЕ ДОСТУПНО Величина терминалног прикључка:  AWG Радна температура: -35~60℃ Димензије: 133x70x35 mm Тежина: 150 г Дозвољени типови акумулатора: оловни, AGM и GEL', 63, 3200),
(347, 'SunRo PWM30', 4, 'Напон система: 12V/24V Максимални улазни напон: 50 V Потрошња: <=10 mA Максимална струја пуњења: 30A Подразумевани напон искључења пражњења: 11/22V Подразумевани напон укључења после пражњења:12.6/25.2VНапон float пуњења: 13.8/25.2V Максимални дозвољени напон акумултаора: НИЈЕ ДОСТУПНО Температурна компензација: НИЈЕ ДОСТУПНО Величина терминалног прикључка:  AWG Радна температура: -35~60℃ Димензије: 133x70x35 mm Тежина: 150 г Дозвољени типови акумулатора: оловни, AGM и GEL', 76, 4100),
(348, 'Fangpusun PRS 2020', 4, 'Напон система: 12V/24V Максимални улазни напон: 47 V Потрошња: <=4 mA Максимална струја пуњења: 20A Подразумевани напон искључења пражњења: 11.2/22.4V Подразумевани напон укључења после пражњења:12.7/25.4VНапон float пуњења: 13.9/27.8V Максимални дозвољени напон акумултаора: 13.9/27.8V Температурна компензација: НИЈЕ ДОСТУПНО Величина терминалног прикључка:  AWG Радна температура: -25~50℃ Димензије: 187x95x44 mm Тежина: 500 г Дозвољени типови акумулатора: оловни, AGM и GEL', 89, 2700),
(349, 'Fangpusun PRS 3030', 4, 'Напон система: 12V/24V Максимални улазни напон: 47 V Потрошња: <=4 mA Максимална струја пуњења: 30A Подразумевани напон искључења пражњења: 11.2/22.4V Подразумевани напон укључења после пражњења:12.7/25.4VНапон float пуњења: 13.9/27.8V Максимални дозвољени напон акумултаора: 13.9/27.8V Температурна компензација: НИЈЕ ДОСТУПНО Величина терминалног прикључка:  AWG Радна температура: -25~50℃ Димензије: 187x95x44 mm Тежина: 500 г Дозвољени типови акумулатора: оловни, AGM и GEL', 59, 3000),
(350, 'Amso AS450M-96', 1, 'Максимална радна снага: 450W Напон отвореног кола: 61.4V Максимални радни напон: 48.7V Струја кратког споја: 9.52A Максимална радна струја: 9.25A Ефикасност ћелија: 20.3% Максимални дозвољни напон кола: 1500.0VDC Радна температура: -40~85℃ Димензије: 1956x1310x40 mm Тежина: 26.0 кг', 38, 22470),
(351, 'BELTTT eSmart3 40A', 5, 'Напон система: 12/24/36/48V Максимални улазни напон: 150 V Потрошња: <=10 mA Максимална струја пуњења: 40A Ефективност конверзије: 99.99% Температурна ограничења: 70-90℃Радна температура: -35~50℃ Димензије: 180x72x115 mm Тежина: 1.2 кг Дозвољени типови акумулатора: оловни, AGM, GEL, Lithium и NiCd Долази са WiFi модулом', 65, 15600),
(352, 'BELTTT eSmart3 50A', 5, 'Напон система: 12/24/36/48V Максимални улазни напон: 150 V Потрошња: <=10 mA Максимална струја пуњења: 50A Ефективност конверзије: 99.99% Температурна ограничења: 70-90℃Радна температура: -35~50℃ Димензије: 192x72x115 mm Тежина: 1.5 кг Дозвољени типови акумулатора: оловни, AGM, GEL, Lithium и NiCd Долази са WiFi модулом', 63, 17300),
(353, 'BELTTT eSmart3 60A', 5, 'Напон система: 12/24/36/48V Максимални улазни напон: 150 V Потрошња: <=10 mA Максимална струја пуњења: 60A Ефективност конверзије: 99.99% Температурна ограничења: 70-90℃Радна температура: -35~50℃ Димензије: 207x72x115 mm Тежина: 1.7 кг Дозвољени типови акумулатора: оловни, AGM, GEL, Lithium и NiCd Долази са WiFi модулом', 49, 18900),
(354, 'BELTTT eSmart3 80A', 5, 'Напон система: 12/24/36/48V Максимални улазни напон: 150 V Потрошња: <=10 mA Максимална струја пуњења: 80A Ефективност конверзије: 99.99% Температурна ограничења: 70-90℃Радна температура: -35~50℃ Димензије: 210x72x115 mm Тежина: 2.3 кг Дозвољени типови акумулатора: оловни, AGM, GEL, Lithium и NiCd Долази са WiFi модулом', 50, 24630),
(355, 'SeanRO SC-M 60A', 5, 'Напон система: 12/24/36/48V Максимални улазни напон: 1500 V Потрошња: <=15 mA Максимална струја пуњења: 60A Ефективност конверзије: 98.95% Температурна ограничења: 70-90℃Радна температура: -20~50℃ Димензије: 205x167x94 mm Тежина: 2.1 кг Дозвољени типови акумулатора: оловни, AGM, GEL, Lithium и NiCd Долази са WiFi модулом', 59, 15600),
(356, 'SeanRO SC-M 80A', 5, 'Напон система: 12/24/36/48V Максимални улазни напон: 1500 V Потрошња: <=15 mA Максимална струја пуњења: 80A Ефективност конверзије: 98.95% Температурна ограничења: 70-90℃Радна температура: -20~50℃ Димензије: 212x167x94 mm Тежина: 2.7 кг Дозвољени типови акумулатора: оловни, AGM, GEL, Lithium и NiCd Долази са WiFi модулом', 72, 19200),
(357, 'SeanRO SC-M 100A', 5, 'Напон система: 12/24/36/48V Максимални улазни напон: 1500 V Потрошња: <=15 mA Максимална струја пуњења: 100A Ефективност конверзије: 98.95% Температурна ограничења: 70-90℃Радна температура: -20~50℃ Димензије: 216x167x94 mm Тежина: 3.6 кг Дозвољени типови акумулатора: оловни, AGM, GEL, Lithium и NiCd Долази са WiFi модулом', 70, 22300),
(358, 'SeanRO SC-M 120A', 5, 'Напон система: 12/24/36/48V Максимални улазни напон: 1500 V Потрошња: <=15 mA Максимална струја пуњења: 120A Ефективност конверзије: 98.95% Температурна ограничења: 70-90℃Радна температура: -20~50℃ Димензије: 223x167x94 mm Тежина: 4.3 кг Дозвољени типови акумулатора: оловни, AGM, GEL, Lithium и NiCd Долази са WiFi модулом', 79, 24700),
(359, 'JNGE JN-MPPT-BL 80A', 5, 'Напон система: 12/24/36/48V Максимални улазни напон: 240 V Потрошња: <=15 mA Максимална струја пуњења: 80A Ефективност конверзије: 99.5% Температурна ограничења: 70-90℃Радна температура: -20~50℃ Димензије: 208x340x94 mm Тежина: 3.6 кг Дозвољени типови акумулатора: оловни, AGM, GEL, Lithium и NiCd Долази са WiFi модулом', 51, 21340),
(360, 'JNGE JN-MPPT-BL 100A', 5, 'Напон система: 12/24/36/48V Максимални улазни напон: 240 V Потрошња: <=15 mA Максимална струја пуњења: 100A Ефективност конверзије: 99.5% Температурна ограничења: 70-90℃Радна температура: -20~50℃ Димензије: 217x34x94 mm Тежина: 4.1 кг Дозвољени типови акумулатора: оловни, AGM, GEL, Lithium и NiCd Долази са WiFi модулом', 67, 24140),
(361, 'Amso AS500M-96', 1, 'Максимална радна снага: 500W Напон отвореног кола: 62.8V Максимални радни напон: 51.2V Струја кратког споја: 10.08A Максимална радна струја: 9.77A Ефикасност ћелија: 20.3% Максимални дозвољни напон кола: 1500.0VDC Радна температура: -40~85℃ Димензије: 2140x1470x40 mm Тежина: 29.0 кг', 73, 24700),
(362, 'Sunpal SR-ML4880', 5, 'Напон система: 12/24/36/48V Максимални улазни напон: 1500 V Потрошња: <=15 mA Максимална струја пуњења: 80A Ефективност конверзије: 99.0% Температурна ограничења: 70-90℃Радна температура: -35~45℃ Димензије: 295x211x99 mm Тежина: 4.9 кг Дозвољени типови акумулатора: оловни, AGM, GEL, Lithium и NiCd Долази са WiFi модулом', 49, 23000),
(363, 'Carutu UTP-1200', 6, 'Тип сигнала: Модификовани синусни Улазни напон (DC): 12/24/48/60/90/110V Излазни напон (AC):100/110/120/220/230/240V Излазна снага: 600W Излазна снага у пику (5-10 секунди): 1200W Фреквенција: 60/50Hz Димензије: 175x98x55 mm Тежина: 0.8 кг', 51, 6200),
(364, 'Carutu UTP-2400', 6, 'Тип сигнала: Модификовани синусни Улазни напон (DC): 12/24/48/60/90/110V Излазни напон (AC):100/110/120/220/230/240V Излазна снага: 1200W Излазна снага у пику (5-10 секунди): 2400W Фреквенција: 60/50Hz Димензије: 225x114x72 mm Тежина: 1.5 кг', 54, 7700),
(365, 'Kosun KS600M', 6, 'Тип сигнала: Модификовани синусни Улазни напон (DC): 12/24/48V Излазни напон (AC):100/110/120/220/230/240V Излазна снага: 600W Излазна снага у пику (5-10 секунди): 1200W Фреквенција: 60/50Hz Димензије: 150x100x55 mm Тежина: 0.9 кг', 50, 5500),
(366, 'Kosun KS1000M', 6, 'Тип сигнала: Модификовани синусни Улазни напон (DC): 12/24/48V Излазни напон (AC):100/110/120/220/230/240V Излазна снага: 1000W Излазна снага у пику (5-10 секунди): 2000W Фреквенција: 60/50Hz Димензије: 210x150x70 mm Тежина: 1.7 кг', 42, 6400),
(367, 'Kosun KS2000M', 6, 'Тип сигнала: Модификовани синусни Улазни напон (DC): 12/24/48V Излазни напон (AC):100/110/120/220/230/240V Излазна снага: 2000W Излазна снага у пику (5-10 секунди): 4000W Фреквенција: 60/50Hz Димензије: 290x220x90 mm Тежина: 4.3 кг', 50, 7800),
(368, 'Carutu CRD-500', 6, 'Тип сигнала: Чисти синусни Улазни напон (DC): 12/24/48V Излазни напон (AC):100/110/120/220/230/240V Излазна снага: 500W Излазна снага у пику (5-10 секунди): 1000W Фреквенција: 60/50Hz Димензије: 175x98x55 mm Тежина: 0.8 кг', 46, 7300),
(369, 'Carutu CRD-600', 6, 'Тип сигнала: Чисти синусни Улазни напон (DC): 12/24/48V Излазни напон (AC):100/110/120/220/230/240V Излазна снага: 600W Излазна снага у пику (5-10 секунди): 1200W Фреквенција: 60/50Hz Димензије: 192x110x65 mm Тежина: 1.3 кг', 52, 7800),
(370, 'Carutu CRD-1000', 6, 'Тип сигнала: Чисти синусни Улазни напон (DC): 12/24/48V Излазни напон (AC):100/110/120/220/230/240V Излазна снага: 1000W Излазна снага у пику (5-10 секунди): 2000W Фреквенција: 60/50Hz Димензије: 240x142x73 mm Тежина: 1.7 кг', 42, 9200),
(371, 'Carutu CRD-1200', 6, 'Тип сигнала: Чисти синусни Улазни напон (DC): 12/24/48V Излазни напон (AC):100/110/120/220/230/240V Излазна снага: 1200W Излазна снага у пику (5-10 секунди): 2400W Фреквенција: 60/50Hz Димензије: 280x156x78 mm Тежина: 2.6 кг', 32, 10400),
(372, 'Jinko JKM410M-72H', 1, 'Максимална радна снага: 410W Напон отвореног кола: 49.6V Максимални радни напон: 40.68V Струја кратког споја: 10.76A Максимална радна струја: 10.08A Ефикасност ћелија: 20.38% Максимални дозвољни напон кола: 1500.0VDC Радна температура: -40~85℃ Димензије: 2068x1045x30 mm Тежина: 27.6 кг', 76, 23300),
(373, 'Carutu CRD-1500', 6, 'Тип сигнала: Чисти синусни Улазни напон (DC): 12/24/48V Излазни напон (AC):100/110/120/220/230/240V Излазна снага: 1500W Излазна снага у пику (5-10 секунди): 3000W Фреквенција: 60/50Hz Димензије: 330x163x82 mm Тежина: 3.1 кг', 34, 11300),
(374, 'Carutu CRD-2000', 6, 'Тип сигнала: Чисти синусни Улазни напон (DC): 12/24/48V Излазни напон (AC):100/110/120/220/230/240V Излазна снага: 2000W Излазна снага у пику (5-10 секунди): 4000W Фреквенција: 60/50Hz Димензије: 360x178x87 mm Тежина: 3.9 кг', 35, 12700),
(375, 'Boman PSW500', 6, 'Тип сигнала: Чисти синусни Улазни напон (DC): 12/24/48V Излазни напон (AC):100/110/120/220/230/240V Излазна снага: 3000W Излазна снага у пику (5-10 секунди): 6000W Фреквенција: 60/50Hz Димензије: 302x150x183 mm Тежина: 5.0 кг', 35, 16700),
(376, 'Carutu CRD-5000', 6, 'Тип сигнала: Чисти синусни Улазни напон (DC): 12/24/48V Излазни напон (AC):100/110/120/220/230/240V Излазна снага: 5000W Излазна снага у пику (5-10 секунди): 10000W Фреквенција: 60/50Hz Димензије: 360x165x140 mm Тежина: 6.6 кг', 44, 19350),
(377, 'Growatt 7000TL3-S', 7, 'Максимала препоручена снага система: 8400W Улазни напон: 160V-1000V (600V номинално) Максимална улазна јачина струје: 11.5A Излазна снага (AC): 7kW Максимална излазна привидна снага: 7.7kVA Максимална излазна јачина струје11.7Излазни напон: 230/400V Фреквенција: 50/60Hz Фактор снаге: 0.8 Коефицијент хармонијских изобличења: <3% Тип AC везе: 3W+N+PE', 15, 114000),
(378, 'Growatt 8000TL3-S', 7, 'Максимала препоручена снага система: 9600W Улазни напон: 160V-1000V (600V номинално) Максимална улазна јачина струје: 11.5A Излазна снага (AC): 8kW Максимална излазна привидна снага: 8.8kVA Максимална излазна јачина струје13.3Излазни напон: 230/400V Фреквенција: 50/60Hz Фактор снаге: 0.8 Коефицијент хармонијских изобличења: <3% Тип AC везе: 3W+N+PE', 20, 138000),
(379, 'Growatt 9000TL3-S', 7, 'Максимала препоручена снага система: 10800W Улазни напон: 160V-1000V (600V номинално) Максимална улазна јачина струје: 11.5A Излазна снага (AC): 9kW Максимална излазна привидна снага: 9.9kVA Максимална излазна јачина струје15.0Излазни напон: 230/400V Фреквенција: 50/60Hz Фактор снаге: 0.8 Коефицијент хармонијских изобличења: <3% Тип AC везе: 3W+N+PE', 21, 159000),
(380, 'Growatt 10000TL3-S', 7, 'Максимала препоручена снага система: 12000W Улазни напон: 160V-1000V (600V номинално) Максимална улазна јачина струје: 13.0A Излазна снага (AC): 10kW Максимална излазна привидна снага: 11.0kVA Максимална излазна јачина струје16.7Излазни напон: 230/400V Фреквенција: 50/60Hz Фактор снаге: 0.8 Коефицијент хармонијских изобличења: <3% Тип AC везе: 3W+N+PE', 32, 176000),
(381, 'Growatt 11000TL3-S', 7, 'Максимала препоручена снага система: 13200W Улазни напон: 160V-1000V (600V номинално) Максимална улазна јачина струје: 13.0A Излазна снага (AC): 11kW Максимална излазна привидна снага: 12.1kVA Максимална излазна јачина струје18.3Излазни напон: 230/400V Фреквенција: 50/60Hz Фактор снаге: 0.8 Коефицијент хармонијских изобличења: <3% Тип AC везе: 3W+N+PE', 13, 190000),
(382, 'Growatt 12000TL3-S', 7, 'Максимала препоручена снага система: 14400W Улазни напон: 160V-1000V (600V номинално) Максимална улазна јачина струје: 20.0A Излазна снага (AC): 12kW Максимална излазна привидна снага: 13.2kVA Максимална излазна јачина струје19.0Излазни напон: 230/400V Фреквенција: 50/60Hz Фактор снаге: 0.8 Коефицијент хармонијских изобличења: <3% Тип AC везе: 3W+N+PE', 28, 210000),
(383, 'ESG ES390M-72HC', 1, 'Максимална радна снага: 390W Напон отвореног кола: 49.0V Максимални радни напон: 40.8V Струја кратког споја: 10.44A Максимална радна струја: 9.57A Ефикасност ћелија: 19.79% Максимални дозвољни напон кола: 1500.0VDC Радна температура: -40~85℃ Димензије: 1530x963x40 mm Тежина: 24.0 кг', 21, 22860),
(384, 'Growatt 13000TL3-S', 7, 'Максимала препоручена снага система: 15600W Улазни напон: 160V-1000V (600V номинално) Максимална улазна јачина струје: 20.0A Излазна снага (AC): 13kW Максимална излазна привидна снага: 14.3kVA Максимална излазна јачина струје20.6Излазни напон: 230/400V Фреквенција: 50/60Hz Фактор снаге: 0.8 Коефицијент хармонијских изобличења: <3% Тип AC везе: 3W+N+PE', 17, 223000),
(385, 'Growatt 15000TL3-S', 7, 'Максимала препоручена снага система: 18000W Улазни напон: 160V-1000V (600V номинално) Максимална улазна јачина струје: 20.0A Излазна снага (AC): 15kW Максимална излазна привидна снага: 16.5kVA Максимална излазна јачина струје23.8Излазни напон: 230/400V Фреквенција: 50/60Hz Фактор снаге: 0.8 Коефицијент хармонијских изобличења: <3% Тип AC везе: 3W+N+PE', 14, 250000),
(386, 'Solarborn SLBI-hybrid 1kW', 8, 'Снага система: 1kW Снага система у пику (20ms): 3kW Јачина стартног мотора: 1HP Напон акумулатора (DC): 12/24V Максимална струја пуњења акумулатора (DC): 25/15A Улазни напон (AC): 85-275V Излазни напон (AC): 110/220V  Фреквенција: 45-65Hz Димензије: 490x300x130 mm Тежина: 11.5кг Дозвољени типови акумулатора: оловни, AGM, GEL, Lithium и NiCd Тип уграђеног контролера: MPPT', 29, 25000),
(387, 'Solarborn SLBI-hybrid 2kW', 8, 'Снага система: 2kW Снага система у пику (20ms): 6kW Јачина стартног мотора: 2HP Напон акумулатора (DC): 12/24/48V Максимална струја пуњења акумулатора (DC): 30/25/15A Улазни напон (AC): 85-275V Излазни напон (AC): 110/220V  Фреквенција: 45-65Hz Димензије: 490x300x130 mm Тежина: 17.5кг Дозвољени типови акумулатора: оловни, AGM, GEL, Lithium и NiCd Тип уграђеног контролера: MPPT', 11, 32400),
(388, 'Solarborn SLBI-hybrid 3kW', 8, 'Снага система: 3kW Снага система у пику (20ms): 9kW Јачина стартног мотора: 3HP Напон акумулатора (DC): 24/48V Максимална струја пуњења акумулатора (DC): 30/20A Улазни напон (AC): 85-275V Излазни напон (AC): 110/220V  Фреквенција: 45-65Hz Димензије: 490x300x130 mm Тежина: 19.5кг Дозвољени типови акумулатора: оловни, AGM, GEL, Lithium и NiCd Тип уграђеног контролера: MPPT', 24, 36000),
(389, 'Solarborn SLBI-hybrid 4kW', 8, 'Снага система: 4kW Снага система у пику (20ms): 12kW Јачина стартног мотора: 3HP Напон акумулатора (DC): 24/48V Максимална струја пуњења акумулатора (DC): 30/25A Улазни напон (AC): 85-275V Излазни напон (AC): 110/220V  Фреквенција: 45-65Hz Димензије: 510x320x140 mm Тежина: 21.5кг Дозвољени типови акумулатора: оловни, AGM, GEL, Lithium и NiCd Тип уграђеног контролера: MPPT', 21, 43000),
(390, 'Solarborn SLBI-hybrid 5kW', 8, 'Снага система: 5kW Снага система у пику (20ms): 15kW Јачина стартног мотора: 4HP Напон акумулатора (DC): 48V Максимална струја пуњења акумулатора (DC): 30A Улазни напон (AC): 85-275V Излазни напон (AC): 110/220V  Фреквенција: 45-65Hz Димензије: 510x320x140 mm Тежина: 23.5кг Дозвољени типови акумулатора: оловни, AGM, GEL, Lithium и NiCd Тип уграђеног контролера: MPPT', 34, 47000),
(391, 'Solarborn SLBI-hybrid 6kW', 8, 'Снага система: 6kW Снага система у пику (20ms): 18kW Јачина стартног мотора: 4HP Напон акумулатора (DC): 48V Максимална струја пуњења акумулатора (DC): 30A Улазни напон (AC): 85-275V Излазни напон (AC): 110/220V  Фреквенција: 45-65Hz Димензије: 510x320x140 mm Тежина: 25.5кг Дозвољени типови акумулатора: оловни, AGM, GEL, Lithium и NiCd Тип уграђеног контролера: MPPT', 24, 55000),
(392, 'Dawn DLPV-PO1001', 2, 'Максимална радна снага: 60W Напон отвореног кола: 22.3V Максимални радни напон: 18.1V Струја кратког споја: 3.972A Максимална радна струја: 3.31A Ефикасност ћелија: 13.78% Максимални дозвољни напон кола: 1000.0VDC Радна температура: -40~85℃ Димензије: 670x650x25 mm Тежина: 4.9 кг', 77, 4700),
(393, 'Dawn DLPV-PO1004', 2, 'Максимална радна снага: 140W Напон отвореног кола: 22.2V Максимални радни напон: 18.1V Струја кратког споја: 8.276A Максимална радна струја: 7.73A Ефикасност ћелија: 13.78% Максимални дозвољни напон кола: 1000.0VDC Радна температура: -40~85℃ Димензије: 1240x665x30 mm Тежина: 6.2 кг', 17, 9530),
(394, 'Zhidou D2 2017', 13, 'Снага мотора (предња/задња осовина): 30.57 KW(41 KS) Максимална брзина: 85 km/h Убрзање (0-100): 15.0 секунди Домет при пуној батерији: 257 km Број путника: 2 Време брзог пуњења (0-80% - DC): 180.0 минута Време спорог пуњења (0-100% - AC): 8.0 сати Тип батерије: Li(NiCoMn)O2 Капацитет батерије: 18 kWh', 5, 1800000),
(395, 'Audi E-tron GT quattro 2021', 13, 'Снага мотора (предња/задња осовина): 177.5 KW(238 KS)/324.28 KW(435 KS) Максимална брзина: 245 km/h Убрзање (0-100): 4.1 секунди Домет при пуној батерији: 487 km Број путника: 5 Време брзог пуњења (0-80% - DC): 30.0 минута Време спорог пуњења (0-100% - AC): 8.5 сати Тип батерије: Lithium-ion Капацитет батерије: 93 kWh', 16, 11748230),
(396, 'Hyundai IONIQ 5 Long Range 2021', 13, 'Снага мотора (предња/задња осовина): 70.84 KW(95 KS)/157.34 KW(211 KS) Максимална брзина: 185 km/h Убрзање (0-100): 5.2 секунди Домет при пуној батерији: 400 km Број путника: 5 Време брзог пуњења (0-80% - DC): 50.0 минута Време спорог пуњења (0-100% - AC): 16.0 сати Тип батерије: Lithium-ion polymer Капацитет батерије: 72.6 kWh', 7, 5000000),
(397, 'Skoda Enyaq iV 50 2021', 13, 'Снага мотора (предња/задња осовина): 110.36 KW(148 KS) Максимална брзина: 160 km/h Убрзање (0-100): 11.3 секунди Домет при пуној батерији: 355 km Број путника: 5 Време брзог пуњења (0-80% - DC): 51.0 минута Време спорог пуњења (0-100% - AC): 8.5 сати Тип батерије: Lithium-ion Капацитет батерије: 55 kWh', 7, 4150000),
(398, 'Tesla Model 3 Standard Range Plus', 13, 'Снага мотора (предња/задња осовина): 211 KW(283 KS) Максимална брзина: 225 km/h Убрзање (0-100): 5.6 секунди Домет при пуној батерији: 423 km Број путника: 5 Време брзог пуњења (0-80% - DC): 45.0 минута Време спорог пуњења (0-100% - AC): 6.25 сати Тип батерије: Lithium-nickel-cobalt-aluminum Капацитет батерије: 54 kWh', 16, 4586500),
(399, 'Tesla Model 3 Long Range AWD', 13, 'Снага мотора (предња/задња осовина): 123 KW(165 KS)/206 KW(276 KS) Максимална брзина: 233 km/h Убрзање (0-100): 4.6 секунди Домет при пуној батерији: 560 km Број путника: 5 Време брзог пуњења (0-80% - DC): 30.0 минута Време спорог пуњења (0-100% - AC): 6.5 сати Тип батерије: Lithium-nickel-cobalt-aluminum Капацитет батерије: 80.5 kWh', 9, 5645000),
(400, 'Tesla Model 3 Long Range AWD Performance', 13, 'Снага мотора (предња/задња осовина): 160 KW(215 KS)/222 KW(298 KS) Максимална брзина: 261 km/h Убрзање (0-100): 3.4 секунди Домет при пуној батерији: 530 km Број путника: 5 Време брзог пуњења (0-80% - DC): 30.0 минута Време спорог пуњења (0-100% - AC): 6.5 сати Тип батерије: Lithium-nickel-cobalt-aluminum Капацитет батерије: 80.5 kWh', 10, 7245000),
(401, 'Dawn DLPV-PO10014', 2, 'Максимална радна снага: 280W Напон отвореног кола: 37.68V Максимални радни напон: 31.4V Струја кратког споја: 10.7A Максимална радна струја: 8.92A Ефикасност ћелија: 14.81% Максимални дозвољни напон кола: 1000.0VDC Радна температура: -40~85℃ Димензије: 1640x992x35 mm Тежина: 9.7 кг', 15, 14350),
(402, 'Tesla Model Y Long Range AWD', 13, 'Снага мотора (предња/задња осовина): 149 KW(200 KS)/205 KW(275 KS) Максимална брзина: 217 km/h Убрзање (0-100): 5.1 секунди Домет при пуној батерији: 425 km Број путника: 5 Време брзог пуњења (0-80% - DC): 25.0 минута Време спорог пуњења (0-100% - AC): 7.75 сати Тип батерије: Lithium-nickel-cobalt-aluminum Капацитет батерије: 75 kWh', 15, 5955000),
(403, 'Tesla Model Y Long Range AWD Performance', 13, 'Снага мотора (предња/задња осовина): 149 KW(200 KS)/205 KW(275 KS) Максимална брзина: 241 km/h Убрзање (0-100): 3.7 секунди Домет при пуној батерији: 410 km Број путника: 5 Време брзог пуњења (0-80% - DC): 25.0 минута Време спорог пуњења (0-100% - AC): 7.75 сати Тип батерије: Lithium-nickel-cobalt-aluminum Капацитет батерије: 75 kWh', 12, 6200000),
(404, 'HUI ZHONG 6-FM-30', 9, 'Тип акумулатора: AGM VRLA Напон: 12V Максимални капацитет: 30Ah Радна температура: -15~50℃ Димензије: 175x166x126 mm Тежина: 8.7 кг', 11, 4500),
(405, 'HUI ZHONG 6-FM-75', 9, 'Тип акумулатора: AGM VRLA Напон: 12V Максимални капацитет: 75Ah Радна температура: -15~50℃ Димензије: 260x170x210 mm Тежина: 22.0 кг', 3, 6800),
(406, 'Chilwee 6-EVF-45', 9, 'Тип акумулатора: GEL VRLA Напон: 12V Максимални капацитет: 52Ah Радна температура: -15~50℃ Димензије: 226x120x166 mm Тежина: 12.2 кг', 6, 5300),
(407, 'Techfine UD120-12', 9, 'Тип акумулатора: GEL VRLA Напон: 12V Максимални капацитет: 120Ah Радна температура: -15~50℃ Димензије: 406x174x215 mm Тежина: 32.6 кг', 3, 16200),
(408, 'JYC GE200-12', 9, 'Тип акумулатора: GEL VRLA Напон: 12V Максимални капацитет: 200Ah Радна температура: -15~50℃ Димензије: 522x240x218 mm Тежина: 55.0 кг', 4, 22500),
(409, 'JYC GE250-12', 9, 'Тип акумулатора: GEL VRLA Напон: 12V Максимални капацитет: 250Ah Радна температура: -15~50℃ Димензије: 611x270x248 mm Тежина: 72.0 кг', 17, 27500),
(410, 'JYC GED200-12', 9, 'Тип акумулатора: GEL VRLA Напон: 12V Максимални капацитет: 200Ah Радна температура: -15~50℃ Димензије: 522x240x218 mm Тежина: 54.5 кг', 5, 21400),
(411, 'JYC GEP200-12', 9, 'Тип акумулатора: AGM VRLA Напон: 12V Максимални капацитет: 200Ah Радна температура: -15~50℃ Димензије: 522x240x218 mm Тежина: 54.5 кг', 14, 19500);

-- --------------------------------------------------------

--
-- Struktura tabele `product_review`
--

CREATE TABLE `product_review` (
  `product_id` int(10) UNSIGNED NOT NULL,
  `account_id` int(10) UNSIGNED NOT NULL,
  `comment` varchar(64) COLLATE utf8_unicode_ci NOT NULL,
  `review` int(2) UNSIGNED NOT NULL
) ENGINE=InnoDB DEFAULT CHARSET=utf8 COLLATE=utf8_unicode_ci;

--
-- Prikaz podataka tabele `product_review`
--

INSERT INTO `product_review` (`product_id`, `account_id`, `comment`, `review`) VALUES
(298, 1, 'Dolorem aliquam ex eveniet ipsam. Sed sint modi ut quo. Quia vol', 5),
(298, 9, 'Dolorem aliquam ex eveniet ipsam. Sed sint modi ut quo. Quia vol', 5),
(298, 11, 'Dolorem aliquam ex eveniet ipsam. Sed sint modi ut quo. Quia vol', 8),
(298, 13, 'Dolorem aliquam ex eveniet ipsam. Sed sint modi ut quo. Quia vol', 7),
(298, 15, 'Dolorem aliquam ex eveniet ipsam. Sed sint modi ut quo. Quia vol', 8),
(298, 25, 'Dolorem aliquam ex eveniet ipsam. Sed sint modi ut quo. Quia vol', 2),
(298, 27, 'Dolorem aliquam ex eveniet ipsam. Sed sint modi ut quo. Quia vol', 5),
(298, 29, 'Dolorem aliquam ex eveniet ipsam. Sed sint modi ut quo. Quia vol', 1),
(299, 2, 'Fugit impedit quaerat mollitia quibusdam aspernatur voluptatem v', 7),
(299, 10, 'Fugit impedit quaerat mollitia quibusdam aspernatur voluptatem v', 2),
(299, 12, 'Fugit impedit quaerat mollitia quibusdam aspernatur voluptatem v', 10),
(299, 14, 'Fugit impedit quaerat mollitia quibusdam aspernatur voluptatem v', 2),
(299, 16, 'Fugit impedit quaerat mollitia quibusdam aspernatur voluptatem v', 2),
(299, 26, 'Fugit impedit quaerat mollitia quibusdam aspernatur voluptatem v', 3),
(299, 28, 'Fugit impedit quaerat mollitia quibusdam aspernatur voluptatem v', 1),
(299, 30, 'Fugit impedit quaerat mollitia quibusdam aspernatur voluptatem v', 7),
(300, 1, 'Voluptas facilis sit eos tempore. Sit sit ea rerum nam quia quae', 9),
(300, 3, 'Voluptas facilis sit eos tempore. Sit sit ea rerum nam quia quae', 3),
(300, 13, 'Voluptas facilis sit eos tempore. Sit sit ea rerum nam quia quae', 1),
(300, 15, 'Voluptas facilis sit eos tempore. Sit sit ea rerum nam quia quae', 5),
(300, 17, 'Voluptas facilis sit eos tempore. Sit sit ea rerum nam quia quae', 2),
(300, 27, 'Voluptas facilis sit eos tempore. Sit sit ea rerum nam quia quae', 7),
(300, 29, 'Voluptas facilis sit eos tempore. Sit sit ea rerum nam quia quae', 7),
(301, 2, 'Atque voluptas quia id hic. Quam quas fuga consectetur adipisci ', 2),
(301, 4, 'Atque voluptas quia id hic. Quam quas fuga consectetur adipisci ', 3),
(301, 14, 'Atque voluptas quia id hic. Quam quas fuga consectetur adipisci ', 5),
(301, 16, 'Atque voluptas quia id hic. Quam quas fuga consectetur adipisci ', 9),
(301, 18, 'Atque voluptas quia id hic. Quam quas fuga consectetur adipisci ', 9),
(301, 28, 'Atque voluptas quia id hic. Quam quas fuga consectetur adipisci ', 10),
(301, 30, 'Atque voluptas quia id hic. Quam quas fuga consectetur adipisci ', 1),
(302, 1, 'Modi facilis et id soluta alias velit. Rem corrupti quia corrupt', 8),
(302, 3, 'Modi facilis et id soluta alias velit. Rem corrupti quia corrupt', 3),
(302, 5, 'Modi facilis et id soluta alias velit. Rem corrupti quia corrupt', 4),
(302, 15, 'Modi facilis et id soluta alias velit. Rem corrupti quia corrupt', 0),
(302, 17, 'Modi facilis et id soluta alias velit. Rem corrupti quia corrupt', 10),
(302, 19, 'Modi facilis et id soluta alias velit. Rem corrupti quia corrupt', 7),
(302, 29, 'Modi facilis et id soluta alias velit. Rem corrupti quia corrupt', 8),
(303, 2, 'Ducimus repellendus dolorem voluptatum cumque perferendis. Sit v', 6),
(303, 4, 'Ducimus repellendus dolorem voluptatum cumque perferendis. Sit v', 8),
(303, 6, 'Ducimus repellendus dolorem voluptatum cumque perferendis. Sit v', 2),
(303, 16, 'Ducimus repellendus dolorem voluptatum cumque perferendis. Sit v', 6),
(303, 18, 'Ducimus repellendus dolorem voluptatum cumque perferendis. Sit v', 5),
(303, 20, 'Ducimus repellendus dolorem voluptatum cumque perferendis. Sit v', 7),
(303, 30, 'Ducimus repellendus dolorem voluptatum cumque perferendis. Sit v', 1),
(304, 1, 'Voluptatibus culpa iusto deleniti quo ipsam qui. Eos qui aut non', 5),
(304, 3, 'Voluptatibus culpa iusto deleniti quo ipsam qui. Eos qui aut non', 9),
(304, 5, 'Voluptatibus culpa iusto deleniti quo ipsam qui. Eos qui aut non', 0),
(304, 7, 'Voluptatibus culpa iusto deleniti quo ipsam qui. Eos qui aut non', 5),
(304, 17, 'Voluptatibus culpa iusto deleniti quo ipsam qui. Eos qui aut non', 5),
(304, 19, 'Voluptatibus culpa iusto deleniti quo ipsam qui. Eos qui aut non', 10),
(304, 21, 'Voluptatibus culpa iusto deleniti quo ipsam qui. Eos qui aut non', 4),
(305, 2, 'Temporibus et aut ipsam amet veniam voluptas vitae est. Aut aut ', 9),
(305, 4, 'Temporibus et aut ipsam amet veniam voluptas vitae est. Aut aut ', 4),
(305, 6, 'Temporibus et aut ipsam amet veniam voluptas vitae est. Aut aut ', 5),
(305, 8, 'Temporibus et aut ipsam amet veniam voluptas vitae est. Aut aut ', 10),
(305, 18, 'Temporibus et aut ipsam amet veniam voluptas vitae est. Aut aut ', 5),
(305, 20, 'Temporibus et aut ipsam amet veniam voluptas vitae est. Aut aut ', 5),
(305, 22, 'Temporibus et aut ipsam amet veniam voluptas vitae est. Aut aut ', 2),
(306, 3, 'Repellendus nam ipsam voluptatem laboriosam quo illum. Quos volu', 2),
(306, 5, 'Repellendus nam ipsam voluptatem laboriosam quo illum. Quos volu', 5),
(306, 7, 'Repellendus nam ipsam voluptatem laboriosam quo illum. Quos volu', 10),
(306, 9, 'Repellendus nam ipsam voluptatem laboriosam quo illum. Quos volu', 3),
(306, 19, 'Repellendus nam ipsam voluptatem laboriosam quo illum. Quos volu', 6),
(306, 21, 'Repellendus nam ipsam voluptatem laboriosam quo illum. Quos volu', 2),
(306, 23, 'Repellendus nam ipsam voluptatem laboriosam quo illum. Quos volu', 10),
(307, 4, 'Non a autem impedit dolorem. Eius tempore odio qui. Occaecati an', 4),
(307, 6, 'Non a autem impedit dolorem. Eius tempore odio qui. Occaecati an', 2),
(307, 8, 'Non a autem impedit dolorem. Eius tempore odio qui. Occaecati an', 7),
(307, 10, 'Non a autem impedit dolorem. Eius tempore odio qui. Occaecati an', 0),
(307, 20, 'Non a autem impedit dolorem. Eius tempore odio qui. Occaecati an', 9),
(307, 22, 'Non a autem impedit dolorem. Eius tempore odio qui. Occaecati an', 6),
(307, 24, 'Non a autem impedit dolorem. Eius tempore odio qui. Occaecati an', 2),
(308, 5, 'Voluptates provident neque autem. Illo esse culpa saepe et est. ', 3),
(308, 7, 'Voluptates provident neque autem. Illo esse culpa saepe et est. ', 10),
(308, 9, 'Voluptates provident neque autem. Illo esse culpa saepe et est. ', 10),
(308, 11, 'Voluptates provident neque autem. Illo esse culpa saepe et est. ', 9),
(308, 21, 'Voluptates provident neque autem. Illo esse culpa saepe et est. ', 5),
(308, 23, 'Voluptates provident neque autem. Illo esse culpa saepe et est. ', 8),
(308, 25, 'Voluptates provident neque autem. Illo esse culpa saepe et est. ', 4),
(309, 6, 'In enim exercitationem neque molestiae et praesentium ut. Tenetu', 8),
(309, 8, 'In enim exercitationem neque molestiae et praesentium ut. Tenetu', 6),
(309, 10, 'In enim exercitationem neque molestiae et praesentium ut. Tenetu', 6),
(309, 12, 'In enim exercitationem neque molestiae et praesentium ut. Tenetu', 1),
(309, 22, 'In enim exercitationem neque molestiae et praesentium ut. Tenetu', 6),
(309, 24, 'In enim exercitationem neque molestiae et praesentium ut. Tenetu', 9),
(309, 26, 'In enim exercitationem neque molestiae et praesentium ut. Tenetu', 7),
(310, 7, 'Sunt qui tempora sequi. Dolorum quis optio vero ipsa magnam magn', 9),
(310, 9, 'Sunt qui tempora sequi. Dolorum quis optio vero ipsa magnam magn', 4),
(310, 11, 'Sunt qui tempora sequi. Dolorum quis optio vero ipsa magnam magn', 3),
(310, 13, 'Sunt qui tempora sequi. Dolorum quis optio vero ipsa magnam magn', 2),
(310, 23, 'Sunt qui tempora sequi. Dolorum quis optio vero ipsa magnam magn', 3),
(310, 25, 'Sunt qui tempora sequi. Dolorum quis optio vero ipsa magnam magn', 6),
(310, 27, 'Sunt qui tempora sequi. Dolorum quis optio vero ipsa magnam magn', 3),
(311, 8, 'Omnis facere architecto voluptas tenetur. Aperiam temporibus ut ', 8),
(311, 10, 'Omnis facere architecto voluptas tenetur. Aperiam temporibus ut ', 9),
(311, 12, 'Omnis facere architecto voluptas tenetur. Aperiam temporibus ut ', 4),
(311, 14, 'Omnis facere architecto voluptas tenetur. Aperiam temporibus ut ', 10),
(311, 24, 'Omnis facere architecto voluptas tenetur. Aperiam temporibus ut ', 8),
(311, 26, 'Omnis facere architecto voluptas tenetur. Aperiam temporibus ut ', 9),
(311, 28, 'Omnis facere architecto voluptas tenetur. Aperiam temporibus ut ', 2),
(312, 9, 'Soluta est dolor ipsam odio est dolore. Inventore quaerat natus ', 3),
(312, 11, 'Soluta est dolor ipsam odio est dolore. Inventore quaerat natus ', 8),
(312, 13, 'Soluta est dolor ipsam odio est dolore. Inventore quaerat natus ', 2),
(312, 15, 'Soluta est dolor ipsam odio est dolore. Inventore quaerat natus ', 7),
(312, 25, 'Soluta est dolor ipsam odio est dolore. Inventore quaerat natus ', 8),
(312, 27, 'Soluta est dolor ipsam odio est dolore. Inventore quaerat natus ', 9),
(312, 29, 'Soluta est dolor ipsam odio est dolore. Inventore quaerat natus ', 1),
(313, 10, 'Necessitatibus beatae sequi ex adipisci omnis velit expedita. Si', 9),
(313, 12, 'Necessitatibus beatae sequi ex adipisci omnis velit expedita. Si', 1),
(313, 14, 'Necessitatibus beatae sequi ex adipisci omnis velit expedita. Si', 7),
(313, 16, 'Necessitatibus beatae sequi ex adipisci omnis velit expedita. Si', 4),
(313, 26, 'Necessitatibus beatae sequi ex adipisci omnis velit expedita. Si', 8),
(313, 28, 'Necessitatibus beatae sequi ex adipisci omnis velit expedita. Si', 8),
(313, 30, 'Necessitatibus beatae sequi ex adipisci omnis velit expedita. Si', 6),
(314, 1, 'In in ea consequatur tempore fuga. Quis qui eligendi vero est. F', 7),
(314, 13, 'In in ea consequatur tempore fuga. Quis qui eligendi vero est. F', 7),
(314, 15, 'In in ea consequatur tempore fuga. Quis qui eligendi vero est. F', 5),
(314, 17, 'In in ea consequatur tempore fuga. Quis qui eligendi vero est. F', 4),
(314, 27, 'In in ea consequatur tempore fuga. Quis qui eligendi vero est. F', 3),
(314, 29, 'In in ea consequatur tempore fuga. Quis qui eligendi vero est. F', 6),
(315, 2, 'Suscipit a dolorem eum quisquam. Earum odit eum nobis provident ', 8),
(315, 14, 'Suscipit a dolorem eum quisquam. Earum odit eum nobis provident ', 5),
(315, 16, 'Suscipit a dolorem eum quisquam. Earum odit eum nobis provident ', 9),
(315, 18, 'Suscipit a dolorem eum quisquam. Earum odit eum nobis provident ', 9),
(315, 28, 'Suscipit a dolorem eum quisquam. Earum odit eum nobis provident ', 0),
(315, 30, 'Suscipit a dolorem eum quisquam. Earum odit eum nobis provident ', 4),
(316, 1, 'Laborum eaque corporis reiciendis est quisquam. Esse facere aut ', 7),
(316, 3, 'Laborum eaque corporis reiciendis est quisquam. Esse facere aut ', 3),
(316, 15, 'Laborum eaque corporis reiciendis est quisquam. Esse facere aut ', 6),
(316, 17, 'Laborum eaque corporis reiciendis est quisquam. Esse facere aut ', 1),
(316, 19, 'Laborum eaque corporis reiciendis est quisquam. Esse facere aut ', 6),
(316, 29, 'Laborum eaque corporis reiciendis est quisquam. Esse facere aut ', 7),
(317, 2, 'Ad minus facere explicabo. Consequatur ut earum porro ut expedit', 9),
(317, 4, 'Ad minus facere explicabo. Consequatur ut earum porro ut expedit', 4),
(317, 16, 'Ad minus facere explicabo. Consequatur ut earum porro ut expedit', 4),
(317, 18, 'Ad minus facere explicabo. Consequatur ut earum porro ut expedit', 5),
(317, 20, 'Ad minus facere explicabo. Consequatur ut earum porro ut expedit', 3),
(317, 30, 'Ad minus facere explicabo. Consequatur ut earum porro ut expedit', 1),
(318, 1, 'Laborum dolorem optio molestias cum sit. Pariatur modi quia est ', 6),
(318, 3, 'Laborum dolorem optio molestias cum sit. Pariatur modi quia est ', 7),
(318, 5, 'Laborum dolorem optio molestias cum sit. Pariatur modi quia est ', 6),
(318, 17, 'Laborum dolorem optio molestias cum sit. Pariatur modi quia est ', 2),
(318, 19, 'Laborum dolorem optio molestias cum sit. Pariatur modi quia est ', 9),
(318, 21, 'Laborum dolorem optio molestias cum sit. Pariatur modi quia est ', 1),
(319, 2, 'Vel quo voluptatem corporis. Pariatur et saepe ullam quia esse. ', 6),
(319, 4, 'Vel quo voluptatem corporis. Pariatur et saepe ullam quia esse. ', 6),
(319, 6, 'Vel quo voluptatem corporis. Pariatur et saepe ullam quia esse. ', 4),
(319, 18, 'Vel quo voluptatem corporis. Pariatur et saepe ullam quia esse. ', 4),
(319, 20, 'Vel quo voluptatem corporis. Pariatur et saepe ullam quia esse. ', 5),
(319, 22, 'Vel quo voluptatem corporis. Pariatur et saepe ullam quia esse. ', 3),
(320, 3, 'Optio qui quos labore. Nemo sequi maiores minus. Numquam quia mo', 1),
(320, 5, 'Optio qui quos labore. Nemo sequi maiores minus. Numquam quia mo', 6),
(320, 7, 'Optio qui quos labore. Nemo sequi maiores minus. Numquam quia mo', 8),
(320, 19, 'Optio qui quos labore. Nemo sequi maiores minus. Numquam quia mo', 1),
(320, 21, 'Optio qui quos labore. Nemo sequi maiores minus. Numquam quia mo', 3),
(320, 23, 'Optio qui quos labore. Nemo sequi maiores minus. Numquam quia mo', 1),
(321, 4, 'Quasi quos iusto accusantium provident. Cum fuga aut soluta aute', 6),
(321, 6, 'Quasi quos iusto accusantium provident. Cum fuga aut soluta aute', 7),
(321, 8, 'Quasi quos iusto accusantium provident. Cum fuga aut soluta aute', 8),
(321, 20, 'Quasi quos iusto accusantium provident. Cum fuga aut soluta aute', 9),
(321, 22, 'Quasi quos iusto accusantium provident. Cum fuga aut soluta aute', 10),
(321, 24, 'Quasi quos iusto accusantium provident. Cum fuga aut soluta aute', 2),
(322, 5, 'Repellat vero dolore repellat minus quo. Maiores et laborum quod', 0),
(322, 7, 'Repellat vero dolore repellat minus quo. Maiores et laborum quod', 5),
(322, 9, 'Repellat vero dolore repellat minus quo. Maiores et laborum quod', 4),
(322, 21, 'Repellat vero dolore repellat minus quo. Maiores et laborum quod', 7),
(322, 23, 'Repellat vero dolore repellat minus quo. Maiores et laborum quod', 1),
(322, 25, 'Repellat vero dolore repellat minus quo. Maiores et laborum quod', 6),
(323, 6, 'Qui eaque adipisci iste assumenda corrupti. Alias quia veritatis', 7),
(323, 8, 'Qui eaque adipisci iste assumenda corrupti. Alias quia veritatis', 4),
(323, 10, 'Qui eaque adipisci iste assumenda corrupti. Alias quia veritatis', 2),
(323, 22, 'Qui eaque adipisci iste assumenda corrupti. Alias quia veritatis', 6),
(323, 24, 'Qui eaque adipisci iste assumenda corrupti. Alias quia veritatis', 3),
(323, 26, 'Qui eaque adipisci iste assumenda corrupti. Alias quia veritatis', 9),
(324, 7, 'Mollitia nulla dolores et odio. Nihil nulla mollitia enim distin', 7),
(324, 9, 'Mollitia nulla dolores et odio. Nihil nulla mollitia enim distin', 8),
(324, 11, 'Mollitia nulla dolores et odio. Nihil nulla mollitia enim distin', 0),
(324, 23, 'Mollitia nulla dolores et odio. Nihil nulla mollitia enim distin', 6),
(324, 25, 'Mollitia nulla dolores et odio. Nihil nulla mollitia enim distin', 9),
(324, 27, 'Mollitia nulla dolores et odio. Nihil nulla mollitia enim distin', 5),
(325, 8, 'Ut architecto at voluptas. Sint et sit et quae doloremque quaera', 1),
(325, 10, 'Ut architecto at voluptas. Sint et sit et quae doloremque quaera', 8),
(325, 12, 'Ut architecto at voluptas. Sint et sit et quae doloremque quaera', 10),
(325, 24, 'Ut architecto at voluptas. Sint et sit et quae doloremque quaera', 3),
(325, 26, 'Ut architecto at voluptas. Sint et sit et quae doloremque quaera', 4),
(325, 28, 'Ut architecto at voluptas. Sint et sit et quae doloremque quaera', 4),
(326, 9, 'Magnam accusantium iusto placeat velit. Omnis et dolor architect', 8),
(326, 11, 'Magnam accusantium iusto placeat velit. Omnis et dolor architect', 6),
(326, 13, 'Magnam accusantium iusto placeat velit. Omnis et dolor architect', 5),
(326, 25, 'Magnam accusantium iusto placeat velit. Omnis et dolor architect', 0),
(326, 27, 'Magnam accusantium iusto placeat velit. Omnis et dolor architect', 5),
(326, 29, 'Magnam accusantium iusto placeat velit. Omnis et dolor architect', 4),
(327, 10, 'Optio provident soluta omnis exercitationem molestias veniam qui', 6),
(327, 12, 'Optio provident soluta omnis exercitationem molestias veniam qui', 7),
(327, 14, 'Optio provident soluta omnis exercitationem molestias veniam qui', 7),
(327, 26, 'Optio provident soluta omnis exercitationem molestias veniam qui', 5),
(327, 28, 'Optio provident soluta omnis exercitationem molestias veniam qui', 2),
(327, 30, 'Optio provident soluta omnis exercitationem molestias veniam qui', 5),
(328, 1, 'Cupiditate quod eius aperiam. Dolores et error aliquid eveniet s', 10),
(328, 13, 'Cupiditate quod eius aperiam. Dolores et error aliquid eveniet s', 4),
(328, 15, 'Cupiditate quod eius aperiam. Dolores et error aliquid eveniet s', 0),
(328, 27, 'Cupiditate quod eius aperiam. Dolores et error aliquid eveniet s', 10),
(328, 29, 'Cupiditate quod eius aperiam. Dolores et error aliquid eveniet s', 7),
(329, 2, 'Accusamus omnis aut aut dolor aut. Dolor praesentium nemo aut ve', 6),
(329, 14, 'Accusamus omnis aut aut dolor aut. Dolor praesentium nemo aut ve', 9),
(329, 16, 'Accusamus omnis aut aut dolor aut. Dolor praesentium nemo aut ve', 7),
(329, 28, 'Accusamus omnis aut aut dolor aut. Dolor praesentium nemo aut ve', 8),
(329, 30, 'Accusamus omnis aut aut dolor aut. Dolor praesentium nemo aut ve', 8),
(330, 1, 'Repudiandae sint excepturi eius. Ducimus neque enim molestiae vo', 7),
(330, 3, 'Repudiandae sint excepturi eius. Ducimus neque enim molestiae vo', 0),
(330, 15, 'Repudiandae sint excepturi eius. Ducimus neque enim molestiae vo', 0),
(330, 17, 'Repudiandae sint excepturi eius. Ducimus neque enim molestiae vo', 2),
(330, 29, 'Repudiandae sint excepturi eius. Ducimus neque enim molestiae vo', 7),
(331, 2, 'Omnis ut modi ut est rem et consequatur. Deserunt molestiae ab c', 10),
(331, 4, 'Omnis ut modi ut est rem et consequatur. Deserunt molestiae ab c', 8),
(331, 16, 'Omnis ut modi ut est rem et consequatur. Deserunt molestiae ab c', 2),
(331, 18, 'Omnis ut modi ut est rem et consequatur. Deserunt molestiae ab c', 5),
(331, 30, 'Omnis ut modi ut est rem et consequatur. Deserunt molestiae ab c', 1),
(332, 1, 'Nisi reiciendis accusamus doloremque id ea. Ad facilis magni ex ', 8),
(332, 3, 'Nisi reiciendis accusamus doloremque id ea. Ad facilis magni ex ', 5),
(332, 5, 'Nisi reiciendis accusamus doloremque id ea. Ad facilis magni ex ', 4),
(332, 17, 'Nisi reiciendis accusamus doloremque id ea. Ad facilis magni ex ', 4),
(332, 19, 'Nisi reiciendis accusamus doloremque id ea. Ad facilis magni ex ', 9),
(333, 2, 'Nostrum sint non rem voluptas et. Earum veritatis sit consequatu', 1),
(333, 4, 'Nostrum sint non rem voluptas et. Earum veritatis sit consequatu', 9),
(333, 6, 'Nostrum sint non rem voluptas et. Earum veritatis sit consequatu', 1),
(333, 18, 'Nostrum sint non rem voluptas et. Earum veritatis sit consequatu', 1),
(333, 20, 'Nostrum sint non rem voluptas et. Earum veritatis sit consequatu', 9),
(334, 3, 'Sed omnis occaecati quis consectetur blanditiis magnam tenetur. ', 2),
(334, 5, 'Sed omnis occaecati quis consectetur blanditiis magnam tenetur. ', 4),
(334, 7, 'Sed omnis occaecati quis consectetur blanditiis magnam tenetur. ', 3),
(334, 19, 'Sed omnis occaecati quis consectetur blanditiis magnam tenetur. ', 2),
(334, 21, 'Sed omnis occaecati quis consectetur blanditiis magnam tenetur. ', 1),
(335, 4, 'Voluptas error consequatur qui impedit molestiae culpa et. Rerum', 9),
(335, 6, 'Voluptas error consequatur qui impedit molestiae culpa et. Rerum', 4),
(335, 8, 'Voluptas error consequatur qui impedit molestiae culpa et. Rerum', 3),
(335, 20, 'Voluptas error consequatur qui impedit molestiae culpa et. Rerum', 3),
(335, 22, 'Voluptas error consequatur qui impedit molestiae culpa et. Rerum', 6),
(336, 5, 'Facere corporis voluptate natus voluptas. Reiciendis voluptas fa', 9),
(336, 7, 'Facere corporis voluptate natus voluptas. Reiciendis voluptas fa', 0),
(336, 9, 'Facere corporis voluptate natus voluptas. Reiciendis voluptas fa', 2),
(336, 21, 'Facere corporis voluptate natus voluptas. Reiciendis voluptas fa', 9),
(336, 23, 'Facere corporis voluptate natus voluptas. Reiciendis voluptas fa', 0),
(337, 6, 'Iste hic aperiam non. Saepe praesentium cum vel recusandae ratio', 4),
(337, 8, 'Iste hic aperiam non. Saepe praesentium cum vel recusandae ratio', 9),
(337, 10, 'Iste hic aperiam non. Saepe praesentium cum vel recusandae ratio', 3),
(337, 22, 'Iste hic aperiam non. Saepe praesentium cum vel recusandae ratio', 6),
(337, 24, 'Iste hic aperiam non. Saepe praesentium cum vel recusandae ratio', 3),
(338, 7, 'Aut sapiente nisi quibusdam. Repellat assumenda id harum ut maio', 5),
(338, 9, 'Aut sapiente nisi quibusdam. Repellat assumenda id harum ut maio', 5),
(338, 11, 'Aut sapiente nisi quibusdam. Repellat assumenda id harum ut maio', 1),
(338, 23, 'Aut sapiente nisi quibusdam. Repellat assumenda id harum ut maio', 2),
(338, 25, 'Aut sapiente nisi quibusdam. Repellat assumenda id harum ut maio', 7),
(339, 8, 'Similique et quia repellat enim sint perspiciatis. Dolores et qu', 7),
(339, 10, 'Similique et quia repellat enim sint perspiciatis. Dolores et qu', 3),
(339, 12, 'Similique et quia repellat enim sint perspiciatis. Dolores et qu', 6),
(339, 24, 'Similique et quia repellat enim sint perspiciatis. Dolores et qu', 9),
(339, 26, 'Similique et quia repellat enim sint perspiciatis. Dolores et qu', 10),
(340, 9, 'Magnam voluptatem in doloribus quas ipsum hic. Aut alias iste vo', 10),
(340, 11, 'Magnam voluptatem in doloribus quas ipsum hic. Aut alias iste vo', 10),
(340, 13, 'Magnam voluptatem in doloribus quas ipsum hic. Aut alias iste vo', 9),
(340, 25, 'Magnam voluptatem in doloribus quas ipsum hic. Aut alias iste vo', 8),
(340, 27, 'Magnam voluptatem in doloribus quas ipsum hic. Aut alias iste vo', 1),
(341, 10, 'Placeat ducimus est autem quia inventore dicta eum. Excepturi ni', 10),
(341, 12, 'Placeat ducimus est autem quia inventore dicta eum. Excepturi ni', 6),
(341, 14, 'Placeat ducimus est autem quia inventore dicta eum. Excepturi ni', 3),
(341, 26, 'Placeat ducimus est autem quia inventore dicta eum. Excepturi ni', 5),
(341, 28, 'Placeat ducimus est autem quia inventore dicta eum. Excepturi ni', 7),
(342, 1, 'Totam praesentium voluptatem dolorem perspiciatis. Velit et ex c', 0),
(342, 13, 'Totam praesentium voluptatem dolorem perspiciatis. Velit et ex c', 9),
(342, 15, 'Totam praesentium voluptatem dolorem perspiciatis. Velit et ex c', 6),
(342, 27, 'Totam praesentium voluptatem dolorem perspiciatis. Velit et ex c', 2),
(342, 29, 'Totam praesentium voluptatem dolorem perspiciatis. Velit et ex c', 4),
(343, 2, 'Nesciunt et error fugiat voluptatem dolor fugiat. Quasi ducimus ', 2),
(343, 14, 'Nesciunt et error fugiat voluptatem dolor fugiat. Quasi ducimus ', 8),
(343, 16, 'Nesciunt et error fugiat voluptatem dolor fugiat. Quasi ducimus ', 6),
(343, 28, 'Nesciunt et error fugiat voluptatem dolor fugiat. Quasi ducimus ', 6),
(343, 30, 'Nesciunt et error fugiat voluptatem dolor fugiat. Quasi ducimus ', 2),
(344, 1, 'Culpa eligendi magni minus velit necessitatibus. Quia voluptatem', 0),
(344, 3, 'Culpa eligendi magni minus velit necessitatibus. Quia voluptatem', 6),
(344, 15, 'Culpa eligendi magni minus velit necessitatibus. Quia voluptatem', 0),
(344, 17, 'Culpa eligendi magni minus velit necessitatibus. Quia voluptatem', 2),
(344, 29, 'Culpa eligendi magni minus velit necessitatibus. Quia voluptatem', 9),
(345, 2, 'Laboriosam dolorum maxime dolores quia. Accusamus enim doloremqu', 1),
(345, 4, 'Laboriosam dolorum maxime dolores quia. Accusamus enim doloremqu', 7),
(345, 16, 'Laboriosam dolorum maxime dolores quia. Accusamus enim doloremqu', 4),
(345, 18, 'Laboriosam dolorum maxime dolores quia. Accusamus enim doloremqu', 8),
(345, 30, 'Laboriosam dolorum maxime dolores quia. Accusamus enim doloremqu', 7),
(346, 1, 'Rerum assumenda qui qui porro eligendi commodi repellat. Et illo', 2),
(346, 3, 'Rerum assumenda qui qui porro eligendi commodi repellat. Et illo', 8),
(346, 5, 'Rerum assumenda qui qui porro eligendi commodi repellat. Et illo', 6),
(346, 17, 'Rerum assumenda qui qui porro eligendi commodi repellat. Et illo', 7),
(346, 19, 'Rerum assumenda qui qui porro eligendi commodi repellat. Et illo', 5),
(347, 2, 'Repellendus repellat harum iure et aspernatur. Nisi rem beatae s', 4),
(347, 4, 'Repellendus repellat harum iure et aspernatur. Nisi rem beatae s', 7),
(347, 6, 'Repellendus repellat harum iure et aspernatur. Nisi rem beatae s', 3),
(347, 18, 'Repellendus repellat harum iure et aspernatur. Nisi rem beatae s', 4),
(347, 20, 'Repellendus repellat harum iure et aspernatur. Nisi rem beatae s', 9),
(348, 3, 'Molestiae unde incidunt sunt possimus fugit officia provident. U', 3),
(348, 5, 'Molestiae unde incidunt sunt possimus fugit officia provident. U', 0),
(348, 7, 'Molestiae unde incidunt sunt possimus fugit officia provident. U', 1),
(348, 19, 'Molestiae unde incidunt sunt possimus fugit officia provident. U', 3),
(348, 21, 'Molestiae unde incidunt sunt possimus fugit officia provident. U', 2),
(349, 4, 'Aut sunt facilis hic in asperiores ab. Quos sed accusantium et a', 3),
(349, 6, 'Aut sunt facilis hic in asperiores ab. Quos sed accusantium et a', 8),
(349, 8, 'Aut sunt facilis hic in asperiores ab. Quos sed accusantium et a', 9),
(349, 20, 'Aut sunt facilis hic in asperiores ab. Quos sed accusantium et a', 3),
(349, 22, 'Aut sunt facilis hic in asperiores ab. Quos sed accusantium et a', 10),
(350, 5, 'Qui autem assumenda et ab nesciunt sunt eveniet. Autem omnis a e', 8),
(350, 7, 'Qui autem assumenda et ab nesciunt sunt eveniet. Autem omnis a e', 9),
(350, 9, 'Qui autem assumenda et ab nesciunt sunt eveniet. Autem omnis a e', 3),
(350, 21, 'Qui autem assumenda et ab nesciunt sunt eveniet. Autem omnis a e', 6),
(350, 23, 'Qui autem assumenda et ab nesciunt sunt eveniet. Autem omnis a e', 4),
(351, 6, 'Deserunt delectus nostrum et sit et facilis et dignissimos. Et e', 9),
(351, 8, 'Deserunt delectus nostrum et sit et facilis et dignissimos. Et e', 5),
(351, 10, 'Deserunt delectus nostrum et sit et facilis et dignissimos. Et e', 7),
(351, 22, 'Deserunt delectus nostrum et sit et facilis et dignissimos. Et e', 2),
(351, 24, 'Deserunt delectus nostrum et sit et facilis et dignissimos. Et e', 7),
(352, 7, 'Aut vitae vel dolor in tempore ut. Alias ut sunt cum culpa vero.', 1),
(352, 9, 'Aut vitae vel dolor in tempore ut. Alias ut sunt cum culpa vero.', 4),
(352, 11, 'Aut vitae vel dolor in tempore ut. Alias ut sunt cum culpa vero.', 5),
(352, 23, 'Aut vitae vel dolor in tempore ut. Alias ut sunt cum culpa vero.', 4),
(352, 25, 'Aut vitae vel dolor in tempore ut. Alias ut sunt cum culpa vero.', 3),
(353, 8, 'Et ducimus consequatur illum aliquid illo. Blanditiis dolor aut ', 6),
(353, 10, 'Et ducimus consequatur illum aliquid illo. Blanditiis dolor aut ', 8),
(353, 12, 'Et ducimus consequatur illum aliquid illo. Blanditiis dolor aut ', 5),
(353, 24, 'Et ducimus consequatur illum aliquid illo. Blanditiis dolor aut ', 0),
(353, 26, 'Et ducimus consequatur illum aliquid illo. Blanditiis dolor aut ', 6),
(354, 9, 'Quia laborum eum perspiciatis quod fuga tenetur. Et accusamus ha', 10),
(354, 11, 'Quia laborum eum perspiciatis quod fuga tenetur. Et accusamus ha', 0),
(354, 13, 'Quia laborum eum perspiciatis quod fuga tenetur. Et accusamus ha', 2),
(354, 25, 'Quia laborum eum perspiciatis quod fuga tenetur. Et accusamus ha', 0),
(354, 27, 'Quia laborum eum perspiciatis quod fuga tenetur. Et accusamus ha', 5),
(355, 10, 'Totam itaque laboriosam voluptas deleniti dolorem. Sapiente volu', 4),
(355, 12, 'Totam itaque laboriosam voluptas deleniti dolorem. Sapiente volu', 5),
(355, 14, 'Totam itaque laboriosam voluptas deleniti dolorem. Sapiente volu', 5),
(355, 26, 'Totam itaque laboriosam voluptas deleniti dolorem. Sapiente volu', 8),
(355, 28, 'Totam itaque laboriosam voluptas deleniti dolorem. Sapiente volu', 6),
(356, 1, 'Laboriosam laborum voluptates accusamus et dolore ex eligendi. D', 4),
(356, 11, 'Laboriosam laborum voluptates accusamus et dolore ex eligendi. D', 2),
(356, 13, 'Laboriosam laborum voluptates accusamus et dolore ex eligendi. D', 1),
(356, 15, 'Laboriosam laborum voluptates accusamus et dolore ex eligendi. D', 6),
(356, 27, 'Laboriosam laborum voluptates accusamus et dolore ex eligendi. D', 8),
(356, 29, 'Laboriosam laborum voluptates accusamus et dolore ex eligendi. D', 2),
(357, 2, 'Temporibus suscipit sint expedita quidem ut modi. Et placeat nih', 4),
(357, 12, 'Temporibus suscipit sint expedita quidem ut modi. Et placeat nih', 6),
(357, 14, 'Temporibus suscipit sint expedita quidem ut modi. Et placeat nih', 7),
(357, 16, 'Temporibus suscipit sint expedita quidem ut modi. Et placeat nih', 7),
(357, 28, 'Temporibus suscipit sint expedita quidem ut modi. Et placeat nih', 4),
(357, 30, 'Temporibus suscipit sint expedita quidem ut modi. Et placeat nih', 8),
(358, 1, 'Enim deserunt aperiam temporibus vel consequuntur. Voluptatem as', 9),
(358, 3, 'Enim deserunt aperiam temporibus vel consequuntur. Voluptatem as', 0),
(358, 13, 'Enim deserunt aperiam temporibus vel consequuntur. Voluptatem as', 4),
(358, 15, 'Enim deserunt aperiam temporibus vel consequuntur. Voluptatem as', 0),
(358, 17, 'Enim deserunt aperiam temporibus vel consequuntur. Voluptatem as', 10),
(358, 29, 'Enim deserunt aperiam temporibus vel consequuntur. Voluptatem as', 7),
(359, 2, 'Vel vel nostrum impedit. Corrupti aut officiis consequatur accus', 5),
(359, 4, 'Vel vel nostrum impedit. Corrupti aut officiis consequatur accus', 6),
(359, 14, 'Vel vel nostrum impedit. Corrupti aut officiis consequatur accus', 5),
(359, 16, 'Vel vel nostrum impedit. Corrupti aut officiis consequatur accus', 7),
(359, 18, 'Vel vel nostrum impedit. Corrupti aut officiis consequatur accus', 9),
(359, 30, 'Vel vel nostrum impedit. Corrupti aut officiis consequatur accus', 5),
(360, 1, 'Ut vel deleniti quidem quas doloremque. Ipsum aspernatur dolorum', 6),
(360, 3, 'Ut vel deleniti quidem quas doloremque. Ipsum aspernatur dolorum', 5),
(360, 5, 'Ut vel deleniti quidem quas doloremque. Ipsum aspernatur dolorum', 8),
(360, 15, 'Ut vel deleniti quidem quas doloremque. Ipsum aspernatur dolorum', 6),
(360, 17, 'Ut vel deleniti quidem quas doloremque. Ipsum aspernatur dolorum', 3),
(360, 19, 'Ut vel deleniti quidem quas doloremque. Ipsum aspernatur dolorum', 9),
(361, 2, 'Eum sit et nobis architecto accusamus. Nihil consequatur et veli', 7),
(361, 4, 'Eum sit et nobis architecto accusamus. Nihil consequatur et veli', 7),
(361, 6, 'Eum sit et nobis architecto accusamus. Nihil consequatur et veli', 3),
(361, 16, 'Eum sit et nobis architecto accusamus. Nihil consequatur et veli', 4),
(361, 18, 'Eum sit et nobis architecto accusamus. Nihil consequatur et veli', 3),
(361, 20, 'Eum sit et nobis architecto accusamus. Nihil consequatur et veli', 3),
(362, 3, 'Illo ad rerum sapiente animi dignissimos sapiente et. Ipsum debi', 3),
(362, 5, 'Illo ad rerum sapiente animi dignissimos sapiente et. Ipsum debi', 9),
(362, 7, 'Illo ad rerum sapiente animi dignissimos sapiente et. Ipsum debi', 3),
(362, 17, 'Illo ad rerum sapiente animi dignissimos sapiente et. Ipsum debi', 1),
(362, 19, 'Illo ad rerum sapiente animi dignissimos sapiente et. Ipsum debi', 6),
(362, 21, 'Illo ad rerum sapiente animi dignissimos sapiente et. Ipsum debi', 4),
(363, 4, 'Deserunt quidem facilis et fugit consequuntur. Qui quis eveniet ', 5),
(363, 6, 'Deserunt quidem facilis et fugit consequuntur. Qui quis eveniet ', 0),
(363, 8, 'Deserunt quidem facilis et fugit consequuntur. Qui quis eveniet ', 7),
(363, 18, 'Deserunt quidem facilis et fugit consequuntur. Qui quis eveniet ', 4),
(363, 20, 'Deserunt quidem facilis et fugit consequuntur. Qui quis eveniet ', 1),
(363, 22, 'Deserunt quidem facilis et fugit consequuntur. Qui quis eveniet ', 10),
(364, 5, 'Nam voluptates voluptas aperiam voluptates enim. Eum ea ab eius ', 7),
(364, 7, 'Nam voluptates voluptas aperiam voluptates enim. Eum ea ab eius ', 8),
(364, 9, 'Nam voluptates voluptas aperiam voluptates enim. Eum ea ab eius ', 8),
(364, 19, 'Nam voluptates voluptas aperiam voluptates enim. Eum ea ab eius ', 5),
(364, 21, 'Nam voluptates voluptas aperiam voluptates enim. Eum ea ab eius ', 9),
(364, 23, 'Nam voluptates voluptas aperiam voluptates enim. Eum ea ab eius ', 4),
(365, 6, 'Perspiciatis quaerat ut commodi sunt repellat consequatur non. V', 10),
(365, 8, 'Perspiciatis quaerat ut commodi sunt repellat consequatur non. V', 8),
(365, 10, 'Perspiciatis quaerat ut commodi sunt repellat consequatur non. V', 2),
(365, 20, 'Perspiciatis quaerat ut commodi sunt repellat consequatur non. V', 3),
(365, 22, 'Perspiciatis quaerat ut commodi sunt repellat consequatur non. V', 1),
(365, 24, 'Perspiciatis quaerat ut commodi sunt repellat consequatur non. V', 5),
(366, 7, 'Itaque voluptatum aut sed ut nesciunt eum omnis. Dolorem aut rep', 1),
(366, 9, 'Itaque voluptatum aut sed ut nesciunt eum omnis. Dolorem aut rep', 3),
(366, 11, 'Itaque voluptatum aut sed ut nesciunt eum omnis. Dolorem aut rep', 10),
(366, 21, 'Itaque voluptatum aut sed ut nesciunt eum omnis. Dolorem aut rep', 9),
(366, 23, 'Itaque voluptatum aut sed ut nesciunt eum omnis. Dolorem aut rep', 9),
(366, 25, 'Itaque voluptatum aut sed ut nesciunt eum omnis. Dolorem aut rep', 6),
(367, 8, 'Odit harum alias voluptatibus aliquid vel aspernatur ipsa. Quisq', 2),
(367, 10, 'Odit harum alias voluptatibus aliquid vel aspernatur ipsa. Quisq', 2),
(367, 12, 'Odit harum alias voluptatibus aliquid vel aspernatur ipsa. Quisq', 5),
(367, 22, 'Odit harum alias voluptatibus aliquid vel aspernatur ipsa. Quisq', 8),
(367, 24, 'Odit harum alias voluptatibus aliquid vel aspernatur ipsa. Quisq', 4),
(367, 26, 'Odit harum alias voluptatibus aliquid vel aspernatur ipsa. Quisq', 7),
(368, 9, 'Ut pariatur vitae reprehenderit numquam ea expedita. Exercitatio', 5),
(368, 11, 'Ut pariatur vitae reprehenderit numquam ea expedita. Exercitatio', 2),
(368, 13, 'Ut pariatur vitae reprehenderit numquam ea expedita. Exercitatio', 6),
(368, 23, 'Ut pariatur vitae reprehenderit numquam ea expedita. Exercitatio', 3),
(368, 25, 'Ut pariatur vitae reprehenderit numquam ea expedita. Exercitatio', 7),
(368, 27, 'Ut pariatur vitae reprehenderit numquam ea expedita. Exercitatio', 8),
(369, 10, 'Non aut tempore fugit optio quibusdam ratione voluptas velit. Re', 9),
(369, 12, 'Non aut tempore fugit optio quibusdam ratione voluptas velit. Re', 1),
(369, 14, 'Non aut tempore fugit optio quibusdam ratione voluptas velit. Re', 7),
(369, 24, 'Non aut tempore fugit optio quibusdam ratione voluptas velit. Re', 2),
(369, 26, 'Non aut tempore fugit optio quibusdam ratione voluptas velit. Re', 1),
(369, 28, 'Non aut tempore fugit optio quibusdam ratione voluptas velit. Re', 9),
(370, 1, 'Aliquid aspernatur voluptates asperiores nesciunt quisquam repel', 1),
(370, 11, 'Aliquid aspernatur voluptates asperiores nesciunt quisquam repel', 7),
(370, 13, 'Aliquid aspernatur voluptates asperiores nesciunt quisquam repel', 3),
(370, 15, 'Aliquid aspernatur voluptates asperiores nesciunt quisquam repel', 4),
(370, 25, 'Aliquid aspernatur voluptates asperiores nesciunt quisquam repel', 1),
(370, 27, 'Aliquid aspernatur voluptates asperiores nesciunt quisquam repel', 1),
(370, 29, 'Aliquid aspernatur voluptates asperiores nesciunt quisquam repel', 5),
(371, 2, 'Ut eos iusto ipsa consequatur earum tempore. Et consequatur aliq', 9),
(371, 12, 'Ut eos iusto ipsa consequatur earum tempore. Et consequatur aliq', 1),
(371, 14, 'Ut eos iusto ipsa consequatur earum tempore. Et consequatur aliq', 8),
(371, 16, 'Ut eos iusto ipsa consequatur earum tempore. Et consequatur aliq', 6),
(371, 26, 'Ut eos iusto ipsa consequatur earum tempore. Et consequatur aliq', 6),
(371, 28, 'Ut eos iusto ipsa consequatur earum tempore. Et consequatur aliq', 4),
(371, 30, 'Ut eos iusto ipsa consequatur earum tempore. Et consequatur aliq', 3),
(372, 1, 'Doloremque quo itaque suscipit officia tempore. Quia error fugit', 1),
(372, 3, 'Doloremque quo itaque suscipit officia tempore. Quia error fugit', 8),
(372, 13, 'Doloremque quo itaque suscipit officia tempore. Quia error fugit', 8),
(372, 15, 'Doloremque quo itaque suscipit officia tempore. Quia error fugit', 5),
(372, 17, 'Doloremque quo itaque suscipit officia tempore. Quia error fugit', 9),
(372, 27, 'Doloremque quo itaque suscipit officia tempore. Quia error fugit', 3),
(372, 29, 'Doloremque quo itaque suscipit officia tempore. Quia error fugit', 8),
(373, 2, 'Officiis possimus voluptatem autem voluptatum. Ratione saepe qui', 8),
(373, 4, 'Officiis possimus voluptatem autem voluptatum. Ratione saepe qui', 10),
(373, 14, 'Officiis possimus voluptatem autem voluptatum. Ratione saepe qui', 2),
(373, 16, 'Officiis possimus voluptatem autem voluptatum. Ratione saepe qui', 2),
(373, 18, 'Officiis possimus voluptatem autem voluptatum. Ratione saepe qui', 5),
(373, 28, 'Officiis possimus voluptatem autem voluptatum. Ratione saepe qui', 10),
(373, 30, 'Officiis possimus voluptatem autem voluptatum. Ratione saepe qui', 2),
(374, 1, 'Natus nostrum illum quod iste alias quos voluptatem. At culpa qu', 2),
(374, 3, 'Natus nostrum illum quod iste alias quos voluptatem. At culpa qu', 4),
(374, 5, 'Natus nostrum illum quod iste alias quos voluptatem. At culpa qu', 2),
(374, 15, 'Natus nostrum illum quod iste alias quos voluptatem. At culpa qu', 1),
(374, 17, 'Natus nostrum illum quod iste alias quos voluptatem. At culpa qu', 6),
(374, 19, 'Natus nostrum illum quod iste alias quos voluptatem. At culpa qu', 9),
(374, 29, 'Natus nostrum illum quod iste alias quos voluptatem. At culpa qu', 5),
(375, 2, 'Aspernatur impedit sit sit reiciendis eos quidem libero ut. Eum ', 1),
(375, 4, 'Aspernatur impedit sit sit reiciendis eos quidem libero ut. Eum ', 9),
(375, 6, 'Aspernatur impedit sit sit reiciendis eos quidem libero ut. Eum ', 1),
(375, 16, 'Aspernatur impedit sit sit reiciendis eos quidem libero ut. Eum ', 9),
(375, 18, 'Aspernatur impedit sit sit reiciendis eos quidem libero ut. Eum ', 2),
(375, 20, 'Aspernatur impedit sit sit reiciendis eos quidem libero ut. Eum ', 4),
(375, 30, 'Aspernatur impedit sit sit reiciendis eos quidem libero ut. Eum ', 2),
(376, 1, 'Perferendis eius veritatis id. Modi voluptatem molestiae hic vol', 1),
(376, 3, 'Perferendis eius veritatis id. Modi voluptatem molestiae hic vol', 7),
(376, 5, 'Perferendis eius veritatis id. Modi voluptatem molestiae hic vol', 1),
(376, 7, 'Perferendis eius veritatis id. Modi voluptatem molestiae hic vol', 4),
(376, 17, 'Perferendis eius veritatis id. Modi voluptatem molestiae hic vol', 8),
(376, 19, 'Perferendis eius veritatis id. Modi voluptatem molestiae hic vol', 7),
(376, 21, 'Perferendis eius veritatis id. Modi voluptatem molestiae hic vol', 3),
(377, 2, 'Ut recusandae ipsam ipsum et perferendis aliquam est inventore. ', 1),
(377, 4, 'Ut recusandae ipsam ipsum et perferendis aliquam est inventore. ', 8),
(377, 6, 'Ut recusandae ipsam ipsum et perferendis aliquam est inventore. ', 7),
(377, 8, 'Ut recusandae ipsam ipsum et perferendis aliquam est inventore. ', 3),
(377, 18, 'Ut recusandae ipsam ipsum et perferendis aliquam est inventore. ', 1),
(377, 20, 'Ut recusandae ipsam ipsum et perferendis aliquam est inventore. ', 9),
(377, 22, 'Ut recusandae ipsam ipsum et perferendis aliquam est inventore. ', 0),
(378, 3, 'Labore quia itaque quas qui. Et ut iusto eveniet autem sint occa', 4),
(378, 5, 'Labore quia itaque quas qui. Et ut iusto eveniet autem sint occa', 1),
(378, 7, 'Labore quia itaque quas qui. Et ut iusto eveniet autem sint occa', 1),
(378, 9, 'Labore quia itaque quas qui. Et ut iusto eveniet autem sint occa', 2),
(378, 19, 'Labore quia itaque quas qui. Et ut iusto eveniet autem sint occa', 7),
(378, 21, 'Labore quia itaque quas qui. Et ut iusto eveniet autem sint occa', 0),
(378, 23, 'Labore quia itaque quas qui. Et ut iusto eveniet autem sint occa', 0),
(379, 4, 'Inventore exercitationem a quos quia. Laboriosam quia ab vero ve', 10),
(379, 6, 'Inventore exercitationem a quos quia. Laboriosam quia ab vero ve', 8),
(379, 8, 'Inventore exercitationem a quos quia. Laboriosam quia ab vero ve', 2),
(379, 10, 'Inventore exercitationem a quos quia. Laboriosam quia ab vero ve', 5),
(379, 20, 'Inventore exercitationem a quos quia. Laboriosam quia ab vero ve', 8),
(379, 22, 'Inventore exercitationem a quos quia. Laboriosam quia ab vero ve', 5),
(379, 24, 'Inventore exercitationem a quos quia. Laboriosam quia ab vero ve', 1),
(380, 5, 'Voluptatibus enim similique hic eos laudantium. Voluptas sed aut', 2),
(380, 7, 'Voluptatibus enim similique hic eos laudantium. Voluptas sed aut', 5),
(380, 9, 'Voluptatibus enim similique hic eos laudantium. Voluptas sed aut', 8),
(380, 11, 'Voluptatibus enim similique hic eos laudantium. Voluptas sed aut', 4),
(380, 21, 'Voluptatibus enim similique hic eos laudantium. Voluptas sed aut', 8),
(380, 23, 'Voluptatibus enim similique hic eos laudantium. Voluptas sed aut', 7),
(380, 25, 'Voluptatibus enim similique hic eos laudantium. Voluptas sed aut', 3),
(381, 6, 'Repellat ut maiores voluptas et et sequi. Nulla similique molest', 2),
(381, 8, 'Repellat ut maiores voluptas et et sequi. Nulla similique molest', 10),
(381, 10, 'Repellat ut maiores voluptas et et sequi. Nulla similique molest', 5),
(381, 12, 'Repellat ut maiores voluptas et et sequi. Nulla similique molest', 4),
(381, 22, 'Repellat ut maiores voluptas et et sequi. Nulla similique molest', 5),
(381, 24, 'Repellat ut maiores voluptas et et sequi. Nulla similique molest', 4),
(381, 26, 'Repellat ut maiores voluptas et et sequi. Nulla similique molest', 5),
(382, 7, 'Tenetur animi beatae dolores vel facilis. Enim et aspernatur acc', 3),
(382, 9, 'Tenetur animi beatae dolores vel facilis. Enim et aspernatur acc', 1),
(382, 11, 'Tenetur animi beatae dolores vel facilis. Enim et aspernatur acc', 7),
(382, 13, 'Tenetur animi beatae dolores vel facilis. Enim et aspernatur acc', 2),
(382, 23, 'Tenetur animi beatae dolores vel facilis. Enim et aspernatur acc', 7),
(382, 25, 'Tenetur animi beatae dolores vel facilis. Enim et aspernatur acc', 0),
(382, 27, 'Tenetur animi beatae dolores vel facilis. Enim et aspernatur acc', 9),
(383, 8, 'Earum odio exercitationem et sunt aut omnis qui. Aperiam blandit', 5),
(383, 10, 'Earum odio exercitationem et sunt aut omnis qui. Aperiam blandit', 7),
(383, 12, 'Earum odio exercitationem et sunt aut omnis qui. Aperiam blandit', 9),
(383, 14, 'Earum odio exercitationem et sunt aut omnis qui. Aperiam blandit', 4),
(383, 24, 'Earum odio exercitationem et sunt aut omnis qui. Aperiam blandit', 6),
(383, 26, 'Earum odio exercitationem et sunt aut omnis qui. Aperiam blandit', 5),
(383, 28, 'Earum odio exercitationem et sunt aut omnis qui. Aperiam blandit', 9),
(384, 1, 'Ut magni consectetur et voluptatem. Autem incidunt et ea eos sit', 8),
(384, 9, 'Ut magni consectetur et voluptatem. Autem incidunt et ea eos sit', 4),
(384, 11, 'Ut magni consectetur et voluptatem. Autem incidunt et ea eos sit', 4),
(384, 13, 'Ut magni consectetur et voluptatem. Autem incidunt et ea eos sit', 1),
(384, 15, 'Ut magni consectetur et voluptatem. Autem incidunt et ea eos sit', 2),
(384, 25, 'Ut magni consectetur et voluptatem. Autem incidunt et ea eos sit', 6),
(384, 27, 'Ut magni consectetur et voluptatem. Autem incidunt et ea eos sit', 5),
(384, 29, 'Ut magni consectetur et voluptatem. Autem incidunt et ea eos sit', 7),
(385, 2, 'Aut nostrum ipsum sapiente totam aperiam omnis error. Ut error b', 10),
(385, 10, 'Aut nostrum ipsum sapiente totam aperiam omnis error. Ut error b', 7),
(385, 12, 'Aut nostrum ipsum sapiente totam aperiam omnis error. Ut error b', 6),
(385, 14, 'Aut nostrum ipsum sapiente totam aperiam omnis error. Ut error b', 8),
(385, 16, 'Aut nostrum ipsum sapiente totam aperiam omnis error. Ut error b', 3),
(385, 26, 'Aut nostrum ipsum sapiente totam aperiam omnis error. Ut error b', 2),
(385, 28, 'Aut nostrum ipsum sapiente totam aperiam omnis error. Ut error b', 2),
(385, 30, 'Aut nostrum ipsum sapiente totam aperiam omnis error. Ut error b', 2),
(386, 1, 'Harum amet quia enim occaecati qui et ut. Sapiente eaque sed ali', 4),
(386, 3, 'Harum amet quia enim occaecati qui et ut. Sapiente eaque sed ali', 6),
(386, 13, 'Harum amet quia enim occaecati qui et ut. Sapiente eaque sed ali', 5),
(386, 15, 'Harum amet quia enim occaecati qui et ut. Sapiente eaque sed ali', 8),
(386, 17, 'Harum amet quia enim occaecati qui et ut. Sapiente eaque sed ali', 7),
(386, 27, 'Harum amet quia enim occaecati qui et ut. Sapiente eaque sed ali', 10),
(386, 29, 'Harum amet quia enim occaecati qui et ut. Sapiente eaque sed ali', 8),
(387, 2, 'Voluptatem est rem corrupti et inventore atque quis. Quia volupt', 2),
(387, 4, 'Voluptatem est rem corrupti et inventore atque quis. Quia volupt', 4),
(387, 14, 'Voluptatem est rem corrupti et inventore atque quis. Quia volupt', 3),
(387, 16, 'Voluptatem est rem corrupti et inventore atque quis. Quia volupt', 5),
(387, 18, 'Voluptatem est rem corrupti et inventore atque quis. Quia volupt', 4),
(387, 28, 'Voluptatem est rem corrupti et inventore atque quis. Quia volupt', 4),
(387, 30, 'Voluptatem est rem corrupti et inventore atque quis. Quia volupt', 10),
(388, 1, 'Voluptas ut sunt est quidem saepe possimus. Ut officiis sit culp', 7),
(388, 3, 'Voluptas ut sunt est quidem saepe possimus. Ut officiis sit culp', 4),
(388, 5, 'Voluptas ut sunt est quidem saepe possimus. Ut officiis sit culp', 0),
(388, 15, 'Voluptas ut sunt est quidem saepe possimus. Ut officiis sit culp', 10),
(388, 17, 'Voluptas ut sunt est quidem saepe possimus. Ut officiis sit culp', 9),
(388, 19, 'Voluptas ut sunt est quidem saepe possimus. Ut officiis sit culp', 3),
(388, 29, 'Voluptas ut sunt est quidem saepe possimus. Ut officiis sit culp', 9),
(389, 2, 'Reprehenderit eum quos quaerat odio nisi iste. Nemo qui voluptat', 4),
(389, 4, 'Reprehenderit eum quos quaerat odio nisi iste. Nemo qui voluptat', 6),
(389, 6, 'Reprehenderit eum quos quaerat odio nisi iste. Nemo qui voluptat', 6),
(389, 16, 'Reprehenderit eum quos quaerat odio nisi iste. Nemo qui voluptat', 2),
(389, 18, 'Reprehenderit eum quos quaerat odio nisi iste. Nemo qui voluptat', 3),
(389, 20, 'Reprehenderit eum quos quaerat odio nisi iste. Nemo qui voluptat', 8),
(389, 30, 'Reprehenderit eum quos quaerat odio nisi iste. Nemo qui voluptat', 1),
(390, 1, 'Deleniti tempore non eos quia natus ullam iure. Laboriosam ratio', 1),
(390, 3, 'Deleniti tempore non eos quia natus ullam iure. Laboriosam ratio', 4),
(390, 5, 'Deleniti tempore non eos quia natus ullam iure. Laboriosam ratio', 6),
(390, 7, 'Deleniti tempore non eos quia natus ullam iure. Laboriosam ratio', 6),
(390, 17, 'Deleniti tempore non eos quia natus ullam iure. Laboriosam ratio', 2),
(390, 19, 'Deleniti tempore non eos quia natus ullam iure. Laboriosam ratio', 5),
(390, 21, 'Deleniti tempore non eos quia natus ullam iure. Laboriosam ratio', 7),
(391, 2, 'Eum et et ipsa error neque. Maxime voluptas eum expedita. Distin', 2),
(391, 4, 'Eum et et ipsa error neque. Maxime voluptas eum expedita. Distin', 7),
(391, 6, 'Eum et et ipsa error neque. Maxime voluptas eum expedita. Distin', 8),
(391, 8, 'Eum et et ipsa error neque. Maxime voluptas eum expedita. Distin', 1),
(391, 18, 'Eum et et ipsa error neque. Maxime voluptas eum expedita. Distin', 1),
(391, 20, 'Eum et et ipsa error neque. Maxime voluptas eum expedita. Distin', 1),
(391, 22, 'Eum et et ipsa error neque. Maxime voluptas eum expedita. Distin', 3),
(392, 3, 'Doloremque vero explicabo autem exercitationem reprehenderit. Ne', 9),
(392, 5, 'Doloremque vero explicabo autem exercitationem reprehenderit. Ne', 10),
(392, 7, 'Doloremque vero explicabo autem exercitationem reprehenderit. Ne', 1),
(392, 9, 'Doloremque vero explicabo autem exercitationem reprehenderit. Ne', 6),
(392, 19, 'Doloremque vero explicabo autem exercitationem reprehenderit. Ne', 5),
(392, 21, 'Doloremque vero explicabo autem exercitationem reprehenderit. Ne', 6),
(392, 23, 'Doloremque vero explicabo autem exercitationem reprehenderit. Ne', 7),
(393, 4, 'Eos quam distinctio quas ad. Dolor totam illo beatae. Ut molesti', 5),
(393, 6, 'Eos quam distinctio quas ad. Dolor totam illo beatae. Ut molesti', 6),
(393, 8, 'Eos quam distinctio quas ad. Dolor totam illo beatae. Ut molesti', 2),
(393, 10, 'Eos quam distinctio quas ad. Dolor totam illo beatae. Ut molesti', 6),
(393, 20, 'Eos quam distinctio quas ad. Dolor totam illo beatae. Ut molesti', 0),
(393, 22, 'Eos quam distinctio quas ad. Dolor totam illo beatae. Ut molesti', 6),
(393, 24, 'Eos quam distinctio quas ad. Dolor totam illo beatae. Ut molesti', 7),
(394, 5, 'Hic et dolorem quis quia eos veniam. Suscipit saepe alias suscip', 6),
(394, 7, 'Hic et dolorem quis quia eos veniam. Suscipit saepe alias suscip', 1),
(394, 9, 'Hic et dolorem quis quia eos veniam. Suscipit saepe alias suscip', 6),
(394, 11, 'Hic et dolorem quis quia eos veniam. Suscipit saepe alias suscip', 9),
(394, 21, 'Hic et dolorem quis quia eos veniam. Suscipit saepe alias suscip', 6),
(394, 23, 'Hic et dolorem quis quia eos veniam. Suscipit saepe alias suscip', 5),
(394, 25, 'Hic et dolorem quis quia eos veniam. Suscipit saepe alias suscip', 6),
(395, 6, 'Eaque dolor minima nisi saepe et veritatis. Eaque consequatur ex', 3),
(395, 8, 'Eaque dolor minima nisi saepe et veritatis. Eaque consequatur ex', 8),
(395, 10, 'Eaque dolor minima nisi saepe et veritatis. Eaque consequatur ex', 3),
(395, 12, 'Eaque dolor minima nisi saepe et veritatis. Eaque consequatur ex', 9),
(395, 22, 'Eaque dolor minima nisi saepe et veritatis. Eaque consequatur ex', 7),
(395, 24, 'Eaque dolor minima nisi saepe et veritatis. Eaque consequatur ex', 8),
(395, 26, 'Eaque dolor minima nisi saepe et veritatis. Eaque consequatur ex', 7),
(396, 7, 'Sequi dolorem voluptas dolor ullam doloribus quasi dolorum. Volu', 4),
(396, 9, 'Sequi dolorem voluptas dolor ullam doloribus quasi dolorum. Volu', 9),
(396, 11, 'Sequi dolorem voluptas dolor ullam doloribus quasi dolorum. Volu', 1),
(396, 13, 'Sequi dolorem voluptas dolor ullam doloribus quasi dolorum. Volu', 1),
(396, 23, 'Sequi dolorem voluptas dolor ullam doloribus quasi dolorum. Volu', 8),
(396, 25, 'Sequi dolorem voluptas dolor ullam doloribus quasi dolorum. Volu', 1),
(396, 27, 'Sequi dolorem voluptas dolor ullam doloribus quasi dolorum. Volu', 8),
(397, 8, 'Deserunt et ab et sint expedita possimus. Saepe voluptates quia ', 8),
(397, 10, 'Deserunt et ab et sint expedita possimus. Saepe voluptates quia ', 8),
(397, 12, 'Deserunt et ab et sint expedita possimus. Saepe voluptates quia ', 3),
(397, 14, 'Deserunt et ab et sint expedita possimus. Saepe voluptates quia ', 4),
(397, 24, 'Deserunt et ab et sint expedita possimus. Saepe voluptates quia ', 8),
(397, 26, 'Deserunt et ab et sint expedita possimus. Saepe voluptates quia ', 7),
(397, 28, 'Deserunt et ab et sint expedita possimus. Saepe voluptates quia ', 4),
(398, 1, 'Aspernatur maxime aut nemo rem. Laborum qui et iste vero blandit', 8),
(398, 9, 'Aspernatur maxime aut nemo rem. Laborum qui et iste vero blandit', 6),
(398, 11, 'Aspernatur maxime aut nemo rem. Laborum qui et iste vero blandit', 7),
(398, 13, 'Aspernatur maxime aut nemo rem. Laborum qui et iste vero blandit', 8),
(398, 15, 'Aspernatur maxime aut nemo rem. Laborum qui et iste vero blandit', 9),
(398, 25, 'Aspernatur maxime aut nemo rem. Laborum qui et iste vero blandit', 3);
INSERT INTO `product_review` (`product_id`, `account_id`, `comment`, `review`) VALUES
(398, 27, 'Aspernatur maxime aut nemo rem. Laborum qui et iste vero blandit', 5),
(398, 29, 'Aspernatur maxime aut nemo rem. Laborum qui et iste vero blandit', 6),
(399, 2, 'Velit voluptatem magni nam vitae temporibus et. Laboriosam animi', 4),
(399, 10, 'Velit voluptatem magni nam vitae temporibus et. Laboriosam animi', 2),
(399, 12, 'Velit voluptatem magni nam vitae temporibus et. Laboriosam animi', 8),
(399, 14, 'Velit voluptatem magni nam vitae temporibus et. Laboriosam animi', 5),
(399, 16, 'Velit voluptatem magni nam vitae temporibus et. Laboriosam animi', 1),
(399, 26, 'Velit voluptatem magni nam vitae temporibus et. Laboriosam animi', 0),
(399, 28, 'Velit voluptatem magni nam vitae temporibus et. Laboriosam animi', 9),
(399, 30, 'Velit voluptatem magni nam vitae temporibus et. Laboriosam animi', 3),
(400, 1, 'Dolor aut quis modi alias. Quas dolor eveniet sed adipisci volup', 9),
(400, 3, 'Dolor aut quis modi alias. Quas dolor eveniet sed adipisci volup', 7),
(400, 13, 'Dolor aut quis modi alias. Quas dolor eveniet sed adipisci volup', 8),
(400, 15, 'Dolor aut quis modi alias. Quas dolor eveniet sed adipisci volup', 8),
(400, 17, 'Dolor aut quis modi alias. Quas dolor eveniet sed adipisci volup', 7),
(400, 27, 'Dolor aut quis modi alias. Quas dolor eveniet sed adipisci volup', 2),
(400, 29, 'Dolor aut quis modi alias. Quas dolor eveniet sed adipisci volup', 8),
(401, 2, 'Libero aut ea fugit nostrum dolore. Libero qui quo iure cum. Ut ', 6),
(401, 4, 'Libero aut ea fugit nostrum dolore. Libero qui quo iure cum. Ut ', 5),
(401, 14, 'Libero aut ea fugit nostrum dolore. Libero qui quo iure cum. Ut ', 6),
(401, 16, 'Libero aut ea fugit nostrum dolore. Libero qui quo iure cum. Ut ', 5),
(401, 18, 'Libero aut ea fugit nostrum dolore. Libero qui quo iure cum. Ut ', 8),
(401, 28, 'Libero aut ea fugit nostrum dolore. Libero qui quo iure cum. Ut ', 3),
(401, 30, 'Libero aut ea fugit nostrum dolore. Libero qui quo iure cum. Ut ', 2),
(402, 1, 'Quidem quod voluptatum corporis impedit occaecati. Aut dolorum u', 0),
(402, 3, 'Quidem quod voluptatum corporis impedit occaecati. Aut dolorum u', 5),
(402, 5, 'Quidem quod voluptatum corporis impedit occaecati. Aut dolorum u', 7),
(402, 15, 'Quidem quod voluptatum corporis impedit occaecati. Aut dolorum u', 7),
(402, 17, 'Quidem quod voluptatum corporis impedit occaecati. Aut dolorum u', 7),
(402, 19, 'Quidem quod voluptatum corporis impedit occaecati. Aut dolorum u', 1),
(402, 29, 'Quidem quod voluptatum corporis impedit occaecati. Aut dolorum u', 7),
(403, 2, 'Maxime eos molestiae quasi voluptatem ipsa nihil. Et tempora sed', 10),
(403, 4, 'Maxime eos molestiae quasi voluptatem ipsa nihil. Et tempora sed', 8),
(403, 6, 'Maxime eos molestiae quasi voluptatem ipsa nihil. Et tempora sed', 1),
(403, 16, 'Maxime eos molestiae quasi voluptatem ipsa nihil. Et tempora sed', 10),
(403, 18, 'Maxime eos molestiae quasi voluptatem ipsa nihil. Et tempora sed', 6),
(403, 20, 'Maxime eos molestiae quasi voluptatem ipsa nihil. Et tempora sed', 1),
(403, 30, 'Maxime eos molestiae quasi voluptatem ipsa nihil. Et tempora sed', 6),
(404, 1, 'Qui qui autem sed. Corrupti alias impedit totam fugiat voluptate', 8),
(404, 3, 'Qui qui autem sed. Corrupti alias impedit totam fugiat voluptate', 2),
(404, 5, 'Qui qui autem sed. Corrupti alias impedit totam fugiat voluptate', 6),
(404, 7, 'Qui qui autem sed. Corrupti alias impedit totam fugiat voluptate', 3),
(404, 17, 'Qui qui autem sed. Corrupti alias impedit totam fugiat voluptate', 7),
(404, 19, 'Qui qui autem sed. Corrupti alias impedit totam fugiat voluptate', 8),
(404, 21, 'Qui qui autem sed. Corrupti alias impedit totam fugiat voluptate', 9),
(405, 2, 'Earum atque modi aut qui adipisci. Qui eum soluta sint repudiand', 8),
(405, 4, 'Earum atque modi aut qui adipisci. Qui eum soluta sint repudiand', 6),
(405, 6, 'Earum atque modi aut qui adipisci. Qui eum soluta sint repudiand', 5),
(405, 8, 'Earum atque modi aut qui adipisci. Qui eum soluta sint repudiand', 6),
(405, 18, 'Earum atque modi aut qui adipisci. Qui eum soluta sint repudiand', 6),
(405, 20, 'Earum atque modi aut qui adipisci. Qui eum soluta sint repudiand', 2),
(405, 22, 'Earum atque modi aut qui adipisci. Qui eum soluta sint repudiand', 3),
(406, 3, 'Blanditiis sint in a. Aut iure voluptatem perferendis ex. Volupt', 10),
(406, 5, 'Blanditiis sint in a. Aut iure voluptatem perferendis ex. Volupt', 8),
(406, 7, 'Blanditiis sint in a. Aut iure voluptatem perferendis ex. Volupt', 1),
(406, 9, 'Blanditiis sint in a. Aut iure voluptatem perferendis ex. Volupt', 3),
(406, 19, 'Blanditiis sint in a. Aut iure voluptatem perferendis ex. Volupt', 2),
(406, 21, 'Blanditiis sint in a. Aut iure voluptatem perferendis ex. Volupt', 9),
(406, 23, 'Blanditiis sint in a. Aut iure voluptatem perferendis ex. Volupt', 1),
(407, 4, 'Expedita quibusdam inventore aut quia voluptate eos. In beatae a', 6),
(407, 6, 'Expedita quibusdam inventore aut quia voluptate eos. In beatae a', 8),
(407, 8, 'Expedita quibusdam inventore aut quia voluptate eos. In beatae a', 0),
(407, 10, 'Expedita quibusdam inventore aut quia voluptate eos. In beatae a', 7),
(407, 20, 'Expedita quibusdam inventore aut quia voluptate eos. In beatae a', 7),
(407, 22, 'Expedita quibusdam inventore aut quia voluptate eos. In beatae a', 1),
(407, 24, 'Expedita quibusdam inventore aut quia voluptate eos. In beatae a', 5),
(408, 5, 'Cum nobis laborum ea quia atque temporibus. Pariatur sunt quaera', 2),
(408, 7, 'Cum nobis laborum ea quia atque temporibus. Pariatur sunt quaera', 6),
(408, 9, 'Cum nobis laborum ea quia atque temporibus. Pariatur sunt quaera', 2),
(408, 11, 'Cum nobis laborum ea quia atque temporibus. Pariatur sunt quaera', 3),
(408, 21, 'Cum nobis laborum ea quia atque temporibus. Pariatur sunt quaera', 9),
(408, 23, 'Cum nobis laborum ea quia atque temporibus. Pariatur sunt quaera', 8),
(408, 25, 'Cum nobis laborum ea quia atque temporibus. Pariatur sunt quaera', 0),
(409, 6, 'Corrupti eos culpa excepturi quidem reprehenderit accusantium il', 9),
(409, 8, 'Corrupti eos culpa excepturi quidem reprehenderit accusantium il', 2),
(409, 10, 'Corrupti eos culpa excepturi quidem reprehenderit accusantium il', 4),
(409, 12, 'Corrupti eos culpa excepturi quidem reprehenderit accusantium il', 5),
(409, 22, 'Corrupti eos culpa excepturi quidem reprehenderit accusantium il', 3),
(409, 24, 'Corrupti eos culpa excepturi quidem reprehenderit accusantium il', 1),
(409, 26, 'Corrupti eos culpa excepturi quidem reprehenderit accusantium il', 5),
(410, 7, 'Reprehenderit iure voluptatem impedit voluptas est non. Cumque c', 1),
(410, 9, 'Reprehenderit iure voluptatem impedit voluptas est non. Cumque c', 1),
(410, 11, 'Reprehenderit iure voluptatem impedit voluptas est non. Cumque c', 3),
(410, 13, 'Reprehenderit iure voluptatem impedit voluptas est non. Cumque c', 0),
(410, 23, 'Reprehenderit iure voluptatem impedit voluptas est non. Cumque c', 2),
(410, 25, 'Reprehenderit iure voluptatem impedit voluptas est non. Cumque c', 1),
(410, 27, 'Reprehenderit iure voluptatem impedit voluptas est non. Cumque c', 9),
(411, 8, 'Omnis enim magnam qui aut. Autem velit ea hic itaque inventore a', 3),
(411, 10, 'Omnis enim magnam qui aut. Autem velit ea hic itaque inventore a', 8),
(411, 12, 'Omnis enim magnam qui aut. Autem velit ea hic itaque inventore a', 2),
(411, 14, 'Omnis enim magnam qui aut. Autem velit ea hic itaque inventore a', 4),
(411, 24, 'Omnis enim magnam qui aut. Autem velit ea hic itaque inventore a', 4),
(411, 26, 'Omnis enim magnam qui aut. Autem velit ea hic itaque inventore a', 10),
(411, 28, 'Omnis enim magnam qui aut. Autem velit ea hic itaque inventore a', 6);

--
-- Indexes for dumped tables
--

--
-- Indexes for table `account`
--
ALTER TABLE `account`
  ADD PRIMARY KEY (`account_id`),
  ADD UNIQUE KEY `uq_email_address_password_hash` (`email_address`,`password_hash`);

--
-- Indexes for table `category`
--
ALTER TABLE `category`
  ADD PRIMARY KEY (`category_id`);

--
-- Indexes for table `orders`
--
ALTER TABLE `orders`
  ADD PRIMARY KEY (`order_id`),
  ADD KEY `order_FK` (`account_id`);

--
-- Indexes for table `orders_product`
--
ALTER TABLE `orders_product`
  ADD UNIQUE KEY `uq_order_id_product_id_quantity` (`order_id`,`product_id`,`quantity`),
  ADD KEY `order_product_FK` (`product_id`);

--
-- Indexes for table `product`
--
ALTER TABLE `product`
  ADD PRIMARY KEY (`product_id`),
  ADD UNIQUE KEY `uq_name_category_id` (`name`,`category_id`),
  ADD KEY `product_FK` (`category_id`);

--
-- Indexes for table `product_review`
--
ALTER TABLE `product_review`
  ADD UNIQUE KEY `uq_product_id_account_id` (`product_id`,`account_id`),
  ADD KEY `product_review_FK_1` (`account_id`);

--
-- AUTO_INCREMENT for dumped tables
--

--
-- AUTO_INCREMENT for table `account`
--
ALTER TABLE `account`
  MODIFY `account_id` int(10) UNSIGNED NOT NULL AUTO_INCREMENT, AUTO_INCREMENT=37;

--
-- AUTO_INCREMENT for table `category`
--
ALTER TABLE `category`
  MODIFY `category_id` int(10) UNSIGNED NOT NULL AUTO_INCREMENT, AUTO_INCREMENT=18;

--
-- AUTO_INCREMENT for table `orders`
--
ALTER TABLE `orders`
  MODIFY `order_id` int(10) UNSIGNED NOT NULL AUTO_INCREMENT, AUTO_INCREMENT=102;

--
-- AUTO_INCREMENT for table `product`
--
ALTER TABLE `product`
  MODIFY `product_id` int(10) UNSIGNED NOT NULL AUTO_INCREMENT, AUTO_INCREMENT=426;

--
-- Ograničenja za izvezene tabele
--

--
-- Ograničenja za tabele `orders`
--
ALTER TABLE `orders`
  ADD CONSTRAINT `order_FK` FOREIGN KEY (`account_id`) REFERENCES `account` (`account_id`) ON UPDATE CASCADE;

--
-- Ograničenja za tabele `orders_product`
--
ALTER TABLE `orders_product`
  ADD CONSTRAINT `order_product_FK` FOREIGN KEY (`product_id`) REFERENCES `product` (`product_id`) ON UPDATE CASCADE,
  ADD CONSTRAINT `order_product_FK_1` FOREIGN KEY (`order_id`) REFERENCES `orders` (`order_id`) ON UPDATE CASCADE;

--
-- Ograničenja za tabele `product`
--
ALTER TABLE `product`
  ADD CONSTRAINT `product_FK` FOREIGN KEY (`category_id`) REFERENCES `category` (`category_id`) ON UPDATE CASCADE;

--
-- Ograničenja za tabele `product_review`
--
ALTER TABLE `product_review`
  ADD CONSTRAINT `product_review_FK` FOREIGN KEY (`product_id`) REFERENCES `product` (`product_id`) ON UPDATE CASCADE,
  ADD CONSTRAINT `product_review_FK_1` FOREIGN KEY (`account_id`) REFERENCES `account` (`account_id`) ON UPDATE CASCADE;
COMMIT;

/*!40101 SET CHARACTER_SET_CLIENT=@OLD_CHARACTER_SET_CLIENT */;
/*!40101 SET CHARACTER_SET_RESULTS=@OLD_CHARACTER_SET_RESULTS */;
/*!40101 SET COLLATION_CONNECTION=@OLD_COLLATION_CONNECTION */;